Report_no|Work_order|Main_eng|Sub_eng|Approver|Assign_date|Submit_date|Finish_date|Due_date|Work_hour|Report_hour|Check_hour|Internal_customer|End_user|Contact_person|Product_group|Application|Product_no|Plant|Quantity|Work_category|Title|Remark|Elapsed_days
APTX26090||T.Sakase||T.Ikeda|2026-03-30|2026-03-30|2026-04-02|2026-04-02|10.0|1.0|1.0|L-NSK|"KUSATSU ELECTRIC (THAILAND) CO., LTD."|Mr.Murakami|IND|"Fan motor"|"6200ZZT1XLC3ER NS7L"|||"Tech calculation report"|"Influence of grease fill amount on grease service life"||3
APTX26089|CZT-26015715|C.Aunchittha||T.Miyazawa|2026-03-27|||2026-04-08||||NBMT|AIAP|Mr.Wachiranunt|Powertrain|"Water pump"|BWFS30-82X-A-R1-01LBC.|NBMT|1|Investigation|"Investigation WP Leak Bearing No.BWFS30-82X (158) AIAP (1pc.)"||
APTX26088|CZT-26015714|C.Aunchittha||T.Miyazawa|2026-03-27|||2026-04-08||||NBMT|AIAP|Mr.Wachiranunt|Powertrain|"Water pump"|RWF42-154|NBMT|1|Investigation|"Investigation WP Leak Bearing No.RWF42-154 (159) AIAP (1pc.)"||
APTX26087|CZT-26015226|C.Aunchittha||T.Miyazawa|2026-03-27|||2026-04-08||||NBMT|Bando|Mr.Wachiranunt|Powertrain|"Tensioner pulley"|"70SPF03140DDG8A HA2L"|NBMT|1|Investigation|"Investigation TP Noise Bearing No.70SPF03140DDG8A HA2L Bando (1pc.)"||
APTX26086|CZT-26013404|L.Pawet|S.Sukanya|T.Miyazawa|2026-03-27|||2026-05-08||||NBMT|AISIN|Mr.Wachiranunt|Powertrain|Transmission|B67-4|NBMT|6|Testing|"Evaluation test result_Durability test for T-374 project_Bearing No. B67-4"||
APTX26085|CZT-26011269|C.Aunchittha||T.Miyazawa|2026-03-27|||2026-04-24||||JK-NSK|"PT. AKASHI"|Mr.Alfy|Powertrain|"Clutch release"|44TKZ2801J1|NBMT|1|Investigation|"Investigation CRB Noise Bearing No.44TKZ2801J1 PT AWI (1pc.)"||
APTX26084|CZT-26011269|C.Aunchittha||T.Miyazawa|2026-03-27|||2026-04-24||||JK-NSK|"PT. AKASHI"|Mr.Alfy|Powertrain|"Clutch release"|44TKZ2801J1|NBMT|1|Investigation|"Investigation CRB Noise Bearing No.44TKZ2801J1 PT AWI (1pc.)"||
APTX26083|CZT-26011269|C.Aunchittha||T.Miyazawa|2026-03-27|||2026-04-24||||JK-NSK|"PT. AKASHI"|Mr.Alfy|Powertrain|"Clutch release"|44TKZ2801J1|ISHIBE|1|Investigation|"Investigation CRB Noise Bearing No.44TKZ2804 PT AWI (1pc.)"||
APTX26082|CZT-26011269|C.Aunchittha||T.Miyazawa|2026-03-27|||2026-04-24||||JK-NSK|"PT. AKASHI"|Mr.Alfy|Powertrain|"Clutch release"|44TKZ2801J1|ISHIBE|9|Investigation|"Investigation CRB Noise Bearing No.44TKZ2801J1 PT AWI (9pcs.)"||
APTX26081|CZT-26013066|S.Nattiwat||F.Soda|2026-03-17|2026-03-27|2026-03-30|2026-03-30||||NBMT|TMT|Mr.Wachiranunt|HUB|HUB3|58BWKH37|NBMT|1|Investigation|"Investigation Report of Front Wheel Hub Bearing from Thailand 58BWKH37 "||13
APTX26080|CZT-26014569|T.Theera||F.Soda|2026-03-25|||2026-04-07||||NBMT|NMT|Mr.Wachiranunt|HUB|HUB3|41BWKH06A|NBMT|1|Warranty|||
APTX26079|CZT-26013670|H.Supaporn|||2026-03-19|||2026-04-01|||||"Aisin Asia Pacific Co.,Ltd"|Mr.Wachiranunt||F/C|"6205A5-A-12DDC701 LB G4MS"||1||||
APTX26078|CZT-26013670|H.Supaporn|||2026-03-19|||2026-04-01|||||"Aisin Asia Pacific Co.,Ltd"|Mr.Wachiranunt||F/C|"6205A5-A-12DDC701 LB G4MS"||1||||
APTX26077|CZT-26013670|H.Supaporn|||2026-03-19|||2026-04-01|||||"Aisin Asia Pacific Co.,Ltd"|Mr.Wachiranunt||F/C|"6205A5-A-12DDC701 LB G4MS"||1||||
APTX26076|CZT-26013670|H.Supaporn||T.Miyazawa|2026-03-17|||2026-04-01||||NBMT|"Aisin Asia Pacific Co.,Ltd"|Mr.Wachiranunt|Powertrain|F/C|"6205A5-A-12DDC701 LB G4MS"|NBMT|4|Investigation|||
APTX26075||H.Supaporn|||2026-03-17|||||||L-NSK|"Gate Unita"||Powertrain|T/P|||8|Investigation|||
APTX26074||S.Ushimaru|||2026-03-16||2026-03-18|2026-03-18||||L-NSK|"KUSATSU ELECTRIC (THAILAND) CO., LTD."||IND|"Fan Motor"||||"Tech report"|"Evaluation of Bearing Life with Variable Grease Quantities 
(NSK Internal Evaluation)"||2
APTX26073|CZT-26013055|S.Nuttapon||F.Soda|2026-03-16|2026-03-23|2026-03-25|2026-03-30|16.0|8.0||NBMT|TMT|Mr.Wachiranunt|HUB|HUB3|62BWKH32|NBMT|2|Warranty|"Investigation Report of Front Wheel Hub Bearing from Morocco"||9
APTX26072|Email|T.Miyazawa|D.Setthawut|T.Ikeda|2026-03-13|2026-03-17|2026-03-17|2026-03-17|24.0|4.0|2.0|NBMT|"Honda Precision Parts Manufacturing"|Mr.Yano|Powertrain|"power train"|"B35-336 B40-222"|NBMT|12|Testing|"Axial Rigidity Test Results "|"M-CVT, Honda,  VAVE, JK-NSK, Autograph, Ishibe"|4
APTX26071|-|C.Pastraporn|S.Ushimaru|T.Ikeda|2026-03-13|2026-03-18|2026-03-19|2026-03-19||1.0|1.0|A/J|A/J|Mr.Inoue|General|-|-||1|Other|"9_APTX26071_Activity FY2025 4Q_AJ_rev0"||6
APTX26070|-|C.Pastraporn|S.Ushimaru|T.Ikeda|2026-03-13|2026-03-18|2026-03-19|2026-03-19||1.0|1.0|VN-NSK|VN-NSK|Mr.Kawamoto|General|-|-||1|Other|"8_APTX26070_Activity FY2025 4Q_VN-NSK_rev0"||6
APTX26069|-|C.Pastraporn|S.Ushimaru|T.Ikeda|2026-03-13|2026-03-18|2026-03-19|2026-03-19||1.0|1.0|Q-NSK|Q-NSK|Mr.Nakano|General|-|-||1|Other|"7_APTX26069_Activity FY2025 4Q_Q-NSK_rev0"||6
APTX26068|-|C.Pastraporn|S.Ushimaru|T.Ikeda|2026-03-13|2026-03-18|2026-03-19|2026-03-19||1.0|1.0|NBI|NBI|Mr.Naga|General|-|-||1|Other|"6_APTX26068_Activity FY2025 4Q_NBI_rev0"||6
APTX26067|-|C.Pastraporn|S.Ushimaru|T.Ikeda|2026-03-13|2026-03-18|2026-03-19|2026-03-19||1.0|1.0|NIS|NIS|Mr.Shimada|General|-|-||1|Other|"5_APTX26067_Activity FY2025 4Q_NIS_rev0"||6
APTX26066|-|C.Pastraporn|S.Ushimaru|T.Ikeda|2026-03-13|2026-03-18|2026-03-19|2026-03-19||1.0|1.0|JK-NSK|JK-NSK|Mr.Endo|General|-|-||1|Other|"4_APTX26066_Activity FY2025 4Q_JK-NSK_rev0"||6
APTX26065|-|C.Pastraporn|S.Ushimaru|T.Ikeda|2026-03-13|2026-03-18|2026-03-19|2026-03-19||1.0|1.0|A-NSK|A-NSK|Mr.Bradley|General|-|-||1|Other|"3_APTX26065_Activity FY2025 4Q_A-NSK_rev0"||6
APTX26064|-|C.Pastraporn|S.Ushimaru|T.Ikeda|2026-03-13|2026-03-18|2026-03-19|2026-03-19||1.0|1.0|L-NSK|L-NSK|Mr.Sangchai|General|-|-||1|Other|"2_APTX26064_Activity FY2025 4Q_L-NSK_rev0"||6
APTX26063|-|C.Pastraporn|S.Ushimaru|T.Ikeda|2026-03-13|2026-03-18|2026-03-19|2026-03-19||1.0|1.0|NBMT|NBMT|Mr.Poopol|General|-|-||1|Other|"1_APTX26063_Activity FY2025 4Q_NBMT_rev0"||6
APTX26062||S.Ushimaru||S.Ushimaru|2026-03-12||2026-03-12|||||T-NSK|スピードファム株式会社||IND|||IJK||"Tech report"|"Bearing Specification for [IJK]"|"CZT-26009447, CZT-26009468, CZT-26009479, CZT-26009488, CZT-26009793, CZT-26010278, CZT-26010285
CZT-26010288, CZT-26010298, CZT-26010309"|0
APTX26061||S.Ushimaru||S.Ushimaru|2026-03-12|2026-03-12||2026-03-12||||T-NSK|"近畿車輛 Doha - Journal Bearing"|Mr.Sakaguchi|IND|"Journal Bearing"||||"Tech report"|"J-944 Assembly & Disassembly Video"|"日本精工株式会社 関西支社　営業部　第一営業グループ 坂口　永記 EIKI SAKAGUCHI"|
APTX26060||L.Peerapat||E.Watanabe|2026-03-05||||4.0|4.0||NBMT|TMT||HUB|HUB1|42KWD11|NBMT|20|"Tech report"|"Prototype Production Specification for 42KWD11 SeAH (Korea) Material PCR"||
APTX26059|"CZT-26012171  "|D.Setthawut||T.Miyazawa|2026-03-10|2026-03-24|2026-03-23|2026-03-24|32.0|8.0||NBMT|AIAT|"Mr.Wachiranunt Kaewrakon"|Powertrain|"Clutch release"|"58TKZ3505H1RA6 ENSS"|NBMT|2|Investigation|"Investigation Noise Clutch 58TKZ3505 (2pcs.) from AIAT"||13
APTX26058|CZT-26011923|E.Krittimet||S.Ushimaru|2026-03-10|||2026-03-30||||L-NSK|Misubishi|Mr.Ingkarat|IND|"Fan motor"|"608A23T1XGZZ1MC-02 J2 NSCU5"||4|Investigation|"Investigation of abnormal noise fan motor bearings in air conditoner (Indoor type)"||
APTX26057|CZT-26011299|M.Supaporn||S.Ushimaru|2026-03-04|||2026-03-20||||L-NSK|"Aisin Thai Automotive Casting "|Mr.Prateep|Precision|"CNC Machine"|"K1K00377 (Serial_THK)"||1|Investigation|"Investigation of failed ball screw in CNC machine (THK)"||
APTX26056|CZT-26011257|H.Supaporn||T.Miyazawa|2026-03-06|||2026-03-17||||NBMT|"Aisin Asia Pacific Co.,Ltd"|Mr.Wachiranunt|Powertrain|W/P|"RWF42-154-A-R6R-01LBC WPHS"|NBMT|1|Investigation|"Investigation report of water pump bearing due to leak problem (WP103) for bearing No.RWF42-154 from AIAP (1pc.)"||
APTX26055|CZT-26011266|H.Supaporn||T.Miyazawa|2026-03-06|||2026-03-17||||NBMT|"Aisin Asia Pacific Co.,Ltd"|Mr.Wachiranunt|Powertrain|W/P|"BWFS30-82X-A-R1-01LBC WPHS"|NBMT|1|Investigation|"Investigation report of water pump bearing due to leak problem (WP102) for bearing No.BWFS30-82 from AIAP (1pc.)"||
APTX26054|CZT-26011266|H.Supaporn||T.Miyazawa|2026-03-06|||2026-03-17||||NBMT|"Aisin Asia Pacific Co.,Ltd"|Mr.Wachiranunt|Powertrain|W/P|"BWFS30-82X-A-R1-01LBC WPHS"|NBMT|1|Investigation|"Investigation report of water pump bearing due to leak problem (WP101) for bearing No.BWFS30-82 from AIAP (1pc.)"||
APTX26053|CZT-26009470|C.Aunchittha||T.Miyazawa|2026-03-05|||2026-03-31||||JK-NSK|"PT. AKASHI"|Mr.Alfy|Powertrain|"Clutch release"|44TKZ2801J1|ISHIBE|9|Investigation|" Investigation CRB Noise Bearing No.44TKZ2801 PT. AKASHI (9pcs.)"||
APTX26052||S.Ushimaru||T.Ikeda|2026-03-02|2026-03-02|2026-03-02|2026-03-02||||"CAD IGT"|IRTD|Mr.Kanda|IND|||||Other|"Activity report from January to March 2026 for CAD Task"||0
APTX26051|CZT-25057120|E.Krittimet||S.Ushimaru|2026-03-02|||||||L-NSK|"Hino motors manufaturing"|Mr.Prateep||Spindle|"Grease name: Arcanol SPEED2.6"|||Investigation|"Grease analysis for using in ball screw in spindle"||
APTX26050|Email|T.Miyazawa||T.Ikeda|2026-02-27|2026-03-02|2026-03-02|2026-03-02|6.0|2.0|2.0|NBMT|Toyota|Mr.Watanabe|Powertrain|MT|50TKZ3502R|NBMT|1||"DRBFM for Clutch release Oil stain"|"Toyota AISIN TAP TMA Clutch release MT Oil "|3
APTX26049|CZT-25046633|S.Nuttapon||F.Soda|2025-10-03|2026-03-02|2026-03-10|2026-03-13|126.0|28.0||T-NSK|"FORD CHICAGO"|"Mr.Yabo Takahiro"|HUB|HUB2.5|94KWHS08|SAITAMA|6|Testing|"Evaluation Test Results of P708 Front Wheel Bearing - Raceway Fatigue Test [RW2/Dow111 Grease Compatible Test]
"||158
APTX26048|CZT-26004252|M.Supaporn||S.Ushimaru|2026-02-26|||2026-02-20||||L-NSK|STM|Mr.Prateep|Precision|Grinding|"SRG45 (THK)"||1|Investigation|"Investigation of linear guides of grinding machine_THK"||
APTX26047|CZT-26004253|S.Muntana||S.Ushimaru|2026-02-16|||2026-02-27|||||"AISIN THAI AUTOMOTIVE"||Precision|Drilling|"SBN2512 [THK]"||1|Investigation|"Investigation of failed ball screw in drilling machine"||
APTX26046||E.Krittimet|||2026-02-24|||2026-03-17||||L-NSK|PSK|Mr.Prateep|IND|"Grinding machine"|NN3016MBKRCC1P4||1|Investigation|"Investigation of abnormal noise bearings in grinding machine"||
APTX26045|CZT-26009470|C.Aunchittha||T.Miyazawa|2026-03-05|||2026-03-31||||JK-NSK|"PT. AKASHI"|Mr.Alfy|Powertrain|"Clutch release"|44TKZ2801J1|NBMT|1|Investigation|" Investigation CRB Noise Bearing No.44TKZ2801 PT. AKASHI (1pc.)"||
APTX26044|CZT-26009194|C.Aunchittha||T.Miyazawa|2026-02-23|2026-03-12|2026-03-18|2026-03-18|13.8|11.1||NBI|"GATES UNITTA INDIA"|Mr.Gangadharan|Powertrain|"Tensioner pulley"|"6203T1XLDDG8ACG-12LF2 HT1LQ"|K/S|9|Investigation|" Investigation TP Noise Bearing No.6203T1XL Gates Unitta India (9pcs.)"||23
APTX26043|-|M.Arisara|S.Ushimaru|T.Ikeda|2026-02-18|||2026-02-19||||L-NSK|"Kang Yong Electric"|Mr.Prateep|IND|Motor|"6202ZZCMR BH ENSS"||6|"Testing (Schedule)"|"KYE Varnish rust test condition and testing plan schedule"||
APTX26042|CZT-26007154|E.Krittimet||S.Ushimaru|2026-02-13|2026-02-20|2026-02-24|2026-02-27||||L-NSK|"Namheng stone"|Mr.Prateep|IND|"stone conveyor"|"UCPX15 (FYH)"||2|Investigation|"Investigation of failure pillow block in stone conveyor_Namheng stone"||11
APTX26041|CZT-26004625|S.Muntana||S.Ushimaru|2026-02-02|||2026-02-20|||||"Nidec Techno Motor (Thailand) Co., Ltd."||IND|Motor|"608A15T1XGZZ1MC3ERU6U227 J2 NSCL"||2||"Investigation of abnormal noise fan motor bearings in air conditioner (Indoor type)"||
APTX26040|CZT-26007291|S.Muntana||M.Arisara|2026-02-02|||2026-02-13||||L-NSK|"Aisin Thai Automotive Casting Co., Ltd."||IND|"Support BS"|7024A||1||||
APTX26039|CZT-26005977|C.Aunchittha||T.Miyazawa|2026-02-09|2026-02-19|2026-02-24|2026-02-24|3.5|1.1||JK-NSK|"PT. AKASHI"|Mr.Anas|Powertrain|"Clutch release"|48TKZ3301D1|NBMT|1|Investigation|"Investigation CRB Noise Bearing No.48TKZ3301 PT Suzuki (1pc.)"||15
APTX26038|CZT-26005977|C.Aunchittha||T.Miyazawa|2026-02-09|2026-02-19|2026-02-25|2026-02-19|3.5|2.1||JK-NSK|"PT. AKASHI"|Mr.Anas|Powertrain|"Clutch release"|44TKZ2804|NBMT|1|Investigation|"Investigation CRB Noise Bearing No.44TKZ2804 PT AKASHI (1pc.)"||16
APTX26037|CZT-26006573|H.Supaporn||T.Miyazawa|2026-02-06|2026-02-19||2026-02-27||||NBMT|"Bando Manufacturing (Thailand) Ltd."|Mr.Wachiranunt||T/P|"70SPF03112DDG8A LB HT1L"||2|Investigation|"Investigation report for idler due to abnormal noise for bearing No.70SPF03112 from Bando (2pcs.)"||
APTX26036|CZT-26006157|H.Supaporn||T.Miyazawa|2026-02-06|2026-02-19||2026-02-27||||NBMT|"Bando Manufacturing (Thailand) Ltd."|Mr.Wachiranunt|Powertrain|T/P|"65SPF0329DDG8A LB HA2L	"|NBMT|2|Investigation|"Investigation report of tensioner due to abnormal noise for bearing No.65SPF0329 from Bando (2pcs.)"||
APTX26035|CZT-26004181|S.Nuttapon||F.Soda|2026-02-04|2026-02-06|2026-02-11|2026-02-06||||JK-NSK|TMMIN|Mr.Alfy|HUB|T-HUB1|43KWD07|NBMT|1|Warranty|"Evidence for Reject Investigate Bearing from Indonesia - 43KWD07"||7
APTX26034|CZT-26004181|S.Nuttapon||F.Soda|2026-02-04|2026-02-06|2026-02-11|2026-02-06||||JK-NSK|TMMIN|Mr.Alfy|HUB|T-HUB1|43KWD07|NBMT|1|Warranty|"Investigation Report of IMV Front Wheel Hub Bearing from Indonesia - 43KWD07"||7
APTX26033|CZT-26004181|S.Nuttapon||F.Soda|2026-02-04|2026-02-06|2026-02-11|2026-02-06||||JK-NSK|TMMIN|Mr.Alfy|HUB|T-HUB1|43KWD07|NBMT|1|Warranty|"Investigation Report of IMV Front Wheel Hub Bearing from Indonesia - 43KWD07 "||7
APTX26032|CZT-26004181|S.Nuttapon||F.Soda|2026-02-04|2026-02-06|2026-02-11|2026-02-06||||JK-NSK|TMMIN|Mr.Alfy|HUB|T-HUB1|43KWD07|NBMT|1|Warranty|"Investigation Report of IMV Front Wheel Hub Bearing from Indonesia - 43KWD07"||7
APTX26031|CZT-26004175|C.Aunchittha||T.Miyazawa|2026-02-09|2026-02-19|2026-02-25|2026-02-25|9.4|3.3||JK-NSK|"PT. AKASHI"|Mr.Alfy|Powertrain|"Clutch release"|44TKZ2801J1|NBMT|2||"Investigation CRB Noise Bearing No.44TKZ2801J1 PT AWI (2pcs.)"||16
APTX26030|CZT-26004175|C.Aunchittha||T.Miyazawa|2026-02-09|2026-02-19|2026-02-25|2026-02-25|26.0|6.1||JK-NSK|"PT. AKASHI"|Mr.Alfy|Powertrain|"Clutch release"|44TKZ2801J1|ISHIBE|1|Investigation|"Investigation CRB Noise Bearing No.44TKZ2801J1 PT AWI (9pcs.)"||16
APTX26029|CZT-26004175|C.Aunchittha||T.Miyazawa|2026-02-09|2026-02-19|2026-02-25|2026-02-25|3.6|3.1||JK-NSK|"PT. AKASHI"|Mr.Alfy|Powertrain|"Clutch release"|44TKZ2801J1|ISHIBE|1|Localization|"Investigation CRB Noise Bearing No.44TKZ2801J1 PT AWI (1pc.)"||16
APTX26028|CZT-26004175|C.Aunchittha||T.Miyazawa|2026-02-09|2026-02-19|2026-02-25|2026-02-25|3.6|4.1||JK-NSK|"PT. AKASHI"|Mr.Alfy|Powertrain|"Clutch release"|44TKZ2801J1|NBMT|1|Investigation|"Investigation CRB Noise Bearing No.44TKZ2801J1 PT AWI (1pc.)"||16
APTX26027|CZT-26005683|C.Aunchittha||T.Miyazawa|2026-02-03|2026-02-04|2026-02-12|2026-02-12|6.0|3.0||NBMT|AIAP|Mr.Wachiranunt|Powertrain|"Water pump"|"BWFS30-82XaR1-01 LB WPHS"|NBMT|1|Investigation|"Investigation WP Noise Bearing No.BWFS30-82X (040) AIAP (1pc.)"||9
APTX26026||S.Ushimaru||T.Ikeda|2026-02-02|2026-02-02|2026-02-02|2026-02-02||||T-NSK|ECM||IND|||||Other|"ECM Project : Activity report from April 2025 to March 2026"||0
APTX26025|CZT-26004252|M.Supaporn||S.Ushimaru|2026-02-02|||2026-02-20||||L-NSK|STM|Mr.Prateep|Precision|Grinding|RA451240BNC2K02P53||4|Investigation|"Investigation of linear guides of grinding machine_NSK"||
APTX26024|CZT-26004625|S.Muntana||S.Ushimaru|2026-01-29|||2026-02-20||||L-NSK|"Nidec Techno Motor (Thailand) Co., Ltd."||IND|Motor|"Air condition"||2||"Investigation of noise motor bearing"||
APTX26023|CZT-26003967|D.Setthawut||T.Miyazawa|2026-01-28|||2026-02-09||||NBMT|Valeo|Ms.Nutcha|Powertrain|MCB|32BD4718||1|Investigation|||
APTX26022|"CZT-25054739 / CZT-25050501 "|C.Aunchittha|H.Supaporn|T.Miyazawa|2026-01-27|2026-01-27|2026-01-29|2026-01-29||4.5||NBMT|Valeo|Mr.Wachiranunt|Powertrain|MCB|"32BD4718T1XDDUK8ACG26 MA8L"|NBMT||"Localization test"|"Evaluation Test Results of Localized Project to Change Plant of Magnetic Clutch Bearing"||2
APTX26021|CZT-26003358|C.Aunchittha||T.Miyazawa|2026-01-28|2026-01-29|2026-02-03|2026-02-03|2.1|2.1||NBMT|AIAP|Mr.Wachiranunt|Powertrain|"Water pump"|BWFS30-82X-A-R1-01LBC|NBMT|1|Investigation|"Investigation WP Leak Bearing No.BWFS30-89 (004) AIAP (1pc.)"||6
APTX26020|CZT-26003352|C.Aunchittha||T.Miyazawa|2026-01-28|2026-01-29|2026-02-03|2026-02-03|2.2|2.1||NBMT|AIAP|Mr.Wachiranunt|Powertrain|"Water pump"|BWFS30-82X-A-R1-01LBC|NBMT|1|Investigation|"Investigation WP Leak Bearing No.BWFS30-82X (005) AIAP (1pc.)"||6
APTX26019|CZT-26003163|E.Krittimet|||2026-01-22|||2026-02-13||||L-NSK|Misubishi|Mr.Ingkarat|IND|"Motor for driving a grinding wheel"|"6205ZZCMR BH EAMS6"|H/F|2|Investigation|"Investigation of abnormal noise bearings motor in grinding machine"||
APTX26018|-|M.Arisara||S.Ushimaru|2026-01-19|2026-01-19|2026-01-19|2026-01-19||||L-NSK|"Michelin Siam"|Mr.Prateep|IND|-|-||1||"Presentation material of Seminar for Michelin Siam"||0
APTX26017|CZT-26002803|H.Supaporn||T.Miyazawa|2026-01-19|2026-01-28|2026-01-29|2026-01-29||||NBMT|"Aisin Thai Automotive Casting Co.,Ltd."|Mr.Wachiranunt||F/C|"6205A5-A-12DDC701 LB G4MS"|NBMT|1|Investigation|"Investigation report of fluid coupling bearing due to abnormal noise for bearing No.6205A5-A-12DDC7 from ATAC (1 pc.)"||10
APTX26016|CZT-26002525|H.Supaporn||T.Miyazawa|2026-01-19|2026-02-05|2026-02-05|2026-02-05||||NBMT|"Bando Manufacturing (Thailand) Ltd."|Mr.Wachiranunt|Powertrain|T/P|"65SPF0329DDG8A LB HA2L"||1|Investigation|"Investigation report of ilder due to abnormal noise for bearing No.65SPF0329 from Bando (1pc.)"||17
APTX26015|CZT-26002517|H.Supaporn||T.Miyazawa|2026-01-19|2026-02-05|2026-02-05|2026-02-05||||NBMT|"Bando Manufacturing (Thailand) Ltd."|Mr.Wachiranunt|Powertrain|T/P|"70SPF03112DDG8A LBB HT1LZ"|NBMT|5|Investigation|"Investigation report of idler due to abnormal noise for bearing No.70SPF03112 from Bando (5pc.)"||17
APTX26014|-|M.Arisara||S.Ushimaru|2026-01-19|2026-01-19|2026-01-19|2026-01-19||||L-NSK|"Michelin Siam"|Mr.Prateep|IND|-|-||1||"Bearing seminar schedule and content for Michelin Siam"||0
APTX26013|CZT-26000885|C.Aunchittha||T.Miyazawa|2026-01-16|2026-01-27|2026-01-28|2026-01-28|27.7|8.7||JK-NSK|"PT. AKASHI"|Mr.Alfy|Powertrain|"Clutch release"|"44TKZ2801J1 LB ENSS"||8|Investigation|"Investigation Clutch release Noise Bearing No.44TKZ2801J1 PT AWI (8pcs.)"||12
APTX26012|CZT-26000885|C.Aunchittha||T.Miyazawa|2026-01-16|2026-01-27|2026-01-28|2026-01-28|7.5|3.0||JK-NSK|"PT. AKASHI"|Mr.Alfy|Powertrain|"Clutch release"|"44TKZ2804A LB ENSSJ"||2|Investigation|"Investigation Clutch release Noise Bearing No.44TKZ2804 PT AWI (2pcs.)"||12
APTX26011|CZT-26000885|C.Aunchittha||T.Miyazawa|2026-01-16|2026-01-27|2026-01-28|2026-01-28|4.1|2.8||JK-NSK|"PT. AKASHI"|Mr.Alfy|Powertrain|"Clutch release"|"44TKZ2801J1 LB ENSS"||1|Localization|"Investigation Clutch release Noise Bearing No.44TKZ2801J1 PT AWI (1pc.)"||12
APTX26010|-|M.Arisara||S.Ushimaru|2026-01-15|2026-01-15|2026-01-15|2026-01-15||||L-NSK|"POSCO TCS"|Ms.Supaporn|IND|-|-||1|"Educational document"|"Bearing seminar schedule and content for POSCO TCS"||0
APTX26009|CZT-26000635|C.Aunchittha||T.Miyazawa|2026-01-13|2026-01-15|2026-01-22|2026-01-22|9.0|3.0||NBMT|Bando|Mr.Wachiranunt|Powertrain|"Tensioner pulley"|70SPF03112|NBMT|1|Investigation|"Investigation TP Noise Bearing No.70SPF03112 Bando (1pc.)"||9
APTX26008|CZT-25062766|S.Nattiwat||F.Soda|2026-01-08|2026-01-13|2026-01-15|2026-01-16||||JK-NSK|TMMIN|"Mr.Alfy Sukma"|HUB|T-HUB1|43KWD07AU42|NBMT|1|Warranty|"Investigation Report of IMV Front Wheel Hub Bearing from Indonesia 43KWD07"||7
APTX26007|CZT-25062787|S.Muntana|M.Supaporn|S.Ushimaru|2026-01-05|2026-01-12|2026-01-12|2026-01-21||||L-NSK|"PT Component Co., Ltd."|Ms.Nisarat|Precision|"Transfer (lifting and lowering tires)"|"W4512Z-283SSK1X-C5S20 (Serial: 25H2-0001)"||1|Investigation|"Investigation of noise ball screw in tire testing machine"||7
APTX26006|-|E.Krittimet||S.Ushimaru|2026-01-05|2026-01-09|2026-01-09|2026-01-09|12.0|4.0||SNSS|Toyota|Mr.Arnupab|IND|"Steering column"|"6806CG16** PS2M  "||5|Investigation|"Horn does not sound issue - Bearing dimensions and bearing roundness
"||4
APTX26005|CZT-25063489|C.Aunchittha||T.Miyazawa|2026-01-05|2026-01-09|2026-01-16|2026-01-16|4.0|1.6||NBMT|AIAP|Mr.Wachiranunt|Powertrain|"Water pump"|BWFS30-89|NBMT|1|Investigation|"Investigation FTE Leak Water Pump BWFS30-89 (428) from AIAP"||11
APTX26004|CZT-25063484|C.Aunchittha||T.Miyazawa|2026-01-05|2026-01-09|2026-01-16|2026-01-16|4.0|1.6||NBMT|AIAP|Mr.Wachiranunt|Powertrain|"Water pump"|BWFS30-82X-A-R1-01LBC|NBMT|1|Investigation|"Investigation Noise Water Pump BWFS30-82X (427) from AIAP"||11
APTX26003|CZT-25063484|C.Aunchittha||T.Miyazawa|2026-01-05|2026-01-09|2026-01-16|2026-01-16|4.0|1.6||NBMT|AIAP|Mr.Wachiranunt|Powertrain|"Water pump"|BWFS30-82X-A-R1-01LBC|NBMT|1|Investigation|"Investigation Leak Water Pump BWFS30-82X (422) from AIAP"||11
APTX26002|CZT-25063157|C.Aunchittha||T.Miyazawa|2026-01-05|2026-01-09|2026-01-16|2026-01-16|4.2|1.6||NBMT|Bando|Mr.Wachiranunt|Powertrain|"Tensioner pulley"|70SPF03130DDG8A|NBMT|1|Investigation|"Investigation Noise Tensioner Pulley 70SPF03130 (1pc.) from Bando"||11
APTX26001|CZT-25063152|C.Aunchittha||T.Miyazawa|2026-01-05|2026-01-12|2026-01-16|2026-01-16|7.7|6.7||NBMT|AIAT|Mr.Wachiranunt|Powertrain|"Clutch release"|"58TKZ3505H1RA6 ENSS"|NBMT|2|Investigation|"Investigation Noise Clutch 58TKZ3505 (2pcs.) from AIAT"||11
APTX25393|CZT-25029855|S.Nuttapon||F.Soda|2025-09-10|2025-12-25|2026-01-07|2026-01-09|72.0|8.0||Q-NSK|PERODUA|"Mr.Kian Hoe Choo"|HUB|HUB1|35BWD||4|Test|"Evaluation Test Report of Front Wheel Bearing
[Comparative Endurance Test for PERODUA MYVI (JTEKT and 3rd Party)] -2nd report
"||119
APTX25392|-|S.Ushimaru|S.Ushimaru|S.Ushimaru|2025-12-19|2025-12-19|2025-12-19|2025-12-19||||T-NSK|-||IND|-|-||1|"Tech report"|"[ECM] Budget Request"||0
APTX25391|-|S.Ushimaru||T.Ikeda|2025-12-19|2025-12-19|2025-12-19|2025-12-19||||"CAD IGT"|-||IND|-|-||1|"Tech report"|"[APTC]CAD Task Budget for FY26"||0
APTX25390|-|S.Nuttapon||F.Soda|2025-12-19|2025-12-19|2025-12-19|2025-12-19||8.0||NBMT|Honda|Mr.Watanabe|HUB|HUB3|65BWKH19|NBMT||"Tech report"|"Request dimension measurement for confirm changing tolerance of φ31.5 from (0.099~0.124) to (0.099~0.139) 
"||0
APTX25389|-|S.Ushimaru||S.Ushimaru|2025-12-17|||||||"CAD IGT"|-||IND|-|-||1|"Tech report"|"Minutes of Design License Meeting for Rose-san"||
APTX25388|CZT-25060564|D.Setthawut||T.Miyazawa|2025-12-17|2026-01-07|2026-01-09|2026-01-09||||NBMT|"Thai NOK"|Ms.Boonyisa|Powertrain|"Center bearing "|6006DDUCG30|NBMT|1|Testing|"Evaluation Test for brg No.6006DDUCG30 Abnormal Part (1st Set)"||23
APTX25387|CZT-25061606|D.Setthawut||T.Miyazawa|2025-12-17|2026-01-06|2026-01-07|2026-01-05||||NBMT|AIAP|"Mr.Wachiranunt Kaewrakon"|Powertrain|"Water pump"|BWFS30-82X-A-R1-01LBC|NBMT|1|Investigation|"Investigation WP Leak Bearing No. BWFS30-82X returned from AIAP (1pc.)"||21
APTX25386|CZT-25061622|S.Nattiwat|T.Theera|F.Soda|2025-12-17|2025-12-23|2025-12-25|2025-12-26|32.0|8.0||NBMT|TMT|Mr.Wachiranunt|HUB|HUB3|62BWKH32S|NBMT|4|Investigation|"Investigation Report of Front Wheel Hub Bearing from Malaysia 62BWKH32 (4pcs)"||8
APTX25385|CZT-25061622|S.Nuttapon|T.Theera|F.Soda|2025-12-17|2025-12-22|2025-12-25|2025-12-26|32.0|8.0||NBMT|TMT|Mr.Wachiranunt|HUB|HUB3|62BWKH32S|NBMT|4|Investigation|"Investigation Report of Front Wheel Hub Bearing from Malaysia 62BWKH32 (4pcs)"||8
APTX25384|CZT-25060418|H.Supaporn||T.Miyazawa|2025-12-16|2025-12-25|2025-12-26|2025-12-26||||JK-NSK|"PT Daihatsu Drivetrain Manufacturing Indonesia"|Mr.Alfy|Powertrain|"Transmission Bearing"|"HTFB73Z-1-G-5CG-01LB J"|NBMT|1|Investigation|"Investigation report of transmission bearing due to abnormal noise for bearing No.HTFB73Z from DDMI (1pc.)"||10
APTX25383|CZT-25007213|S.Nattiwat||F.Soda|2025-12-15|2025-12-24|2026-01-05|2025-12-31||||NBMT|HATC|"Ms.Arisa Kohgaew"|HUB|HUB3|65BWKH19y5|NBMT|2|Test|"Evaluation Test Results for 3DAA FR HUB BRG. High speed durability test (New model PV)
"||21
APTX25382|-|M.Arisara||S.Ushimaru|2025-12-15|2025-12-15|2025-12-15|2025-12-15||||L-NSK|TCRSS||IND|-|-||1|"Educational document"|"NSK Bearing Seminar List & Contents_TCRSS"||0
APTX25381|CZT-25061497|C.Aunchittha||T.Miyazawa|2025-12-15|2025-12-25|2025-12-25|2026-01-24|9.1|8.5||NBMT|Valeo|Ms.Nutcha|Powertrain|MCB|32BD4718|ISHIBE|1|Investigation|"Investigation report MCB noise bearing No.32BD4718DDUK from Valeo (1pc.)"||10
APTX25380|CZT-25050501|C.Aunchittha|H.Supaporn|T.Miyazawa|2025-12-15|2026-01-09|2026-01-09|2026-01-16||||NBMT|Valeo|Ms.Nutcha|Powertrain|MCB|32BD4718|NBMT||Testing|"Localize MCB"||25
APTX25379|CZT-25057120|M.Supaporn||S.Ushimaru|2025-12-11|2025-12-17|2026-01-19|2025-12-24||||L-NSK|"Hino Motors Manufacturing"|Mr.Prateep|IND|spindle|"Grease name: Arcanol SPEED2.6"|||Investigation|"Grease analysis for using in ball screw in spindle"||39
APTX25378|CZT-25056535|S.Muntana||S.Ushimaru|2025-12-08|2025-12-16|2025-12-18|2025-12-19||||L-NSK|"AISIN THAI AUTOMOTIVE CASTING CO.,LTD."|Ms.Nisarat|Precision|"Drilling (X axis)"|"HSR25X (GAH12730) (THK)"||2|Investigation|"Investigation of returned failed linear guides in machining center"||10
APTX25377|CZT-25060522|E.Krittimet|||2025-12-12|2025-12-19|2025-12-22|2025-12-26||||L-NSK|"POSCO TCS"|Ms.Supaporn|IND|"BUR S1"|"STF595KVE8451A1E1GCS3CG240P5BU2 PMKX"||1|On-site|"On-site investigation of failed BUR bearing in skin pass mill (ZA-464, ZA-465 mixed)"||10
APTX25376|CZT-25057802|S.Nuttapon||F.Soda|2025-12-10|2025-12-10|2025-12-12|2025-12-17|4.0|1.0||JK-NSK|TMMIN|Mr.Alfy|HUB|T-HUB1|43KWD07|NBMT|1|Warranty|"Evidence for Reject Investigate Bearing from Indonesia 43KWD07 (1pc) -2R"||2
APTX25375|CZT-25057802|S.Nuttapon||F.Soda|2025-12-10|2025-12-10|2025-12-12|2025-12-17|4.0|1.0||JK-NSK|TMMIN|Mr.Alfy|HUB|T-HUB1|43KWD07|NBMT|1|Warranty|"Evidence for Reject Investigate Bearing from Indonesia 43KWD07 (1pc)-1L"||2
APTX25374|CZT-25059217|C.Aunchittha||T.Miyazawa|2025-12-10|2025-12-17|2025-12-18|2025-12-18|4.0|1.5||NBMT|AIAP|Mr.Wachiranunt|Powertrain|"Water pump"|BWFS30-82X-A-R1-01LBC|NBMT|1|Investigation|"Investigation WP Noise Bearing No. BWFS30-82X (367) AIAP (1pc.)"||8
APTX25373|CZT-25059217|C.Aunchittha||T.Miyazawa|2025-12-10|2025-12-17|2025-12-18|2025-12-18|4.0|1.5||NBMT|AIAP|Mr.Wachiranunt|Powertrain|"Water pump"|BWFS30-82X-A-R1-01LBC|NBMT|1|Investigation|"Investigation WP Leak Bearing No. BWFS30-82X (366) AIAP (1pc.)"||8
APTX25372|CZT-25059217|C.Aunchittha||T.Miyazawa|2025-12-10|2025-12-17|2025-12-18|2025-12-18|4.0|1.5||NBMT|AIAP|Mr.Wachiranunt|Powertrain|"Water pump"|BWFS30-82X-A-R1-01LBC|NBMT|1|Investigation|"Investigation WP Leak Bearing No. BWFS30-82X (365) AIAP (1pc.)"||8
APTX25371|CZT-25059217|C.Aunchittha||T.Miyazawa|2025-12-10|2025-12-17|2025-12-18|2025-12-18|4.0|1.5||NBMT|AIAP|Mr.Wachiranunt|Powertrain|"Water pump"|BWFS30-82X-A-R1-01LBC|NBMT|1|Investigation|"Investigation WP Noise Bearing No. BWFS30-82X (359) AIAP (1pc.)"||8
APTX25370|CZT-25059217|C.Aunchittha||T.Miyazawa|2025-12-10|2025-12-17|2025-12-18|2025-12-18|4.4|1.5||NBMT|AIAP|Mr.Wachiranunt|Powertrain|"Water pump"|BWFS30-82X-A-R1-01LBC|NBMT|1|Investigation|"Investigation WP Noise Bearing No. BWFS30-82X (358) AIAP (1pc.)"||8
APTX25369|CZT-25058783|H.Supaporn||T.Miyazawa|2025-12-09|2025-12-17|2025-12-22|2025-12-22||||JK-NSK|"PT Daihatsu Drivetrain Manufacturing Indonesia"|Mr.Alfy|Powertrain|"Transmission Bearing"|"HTFB73Z-1-G-5CG-01LB J"|NBMT|1|Investigation|"Investigation report for transmission bearing due to abnormal noise from customer production process for bearing No.HTFB73Z from DDMI (1pc.)"|"Customer cutting the bearing"|13
APTX25368|CZT-25057452|H.Supaporn||T.Miyazawa|2025-12-09|2025-12-17|2025-12-22|2025-12-22||||JK-NSK|"PT Daihatsu Drivetrain Manufacturing Indonesia"|Mr.Alfy|Powertrain|"Transmission Bearing"|"HTFB73Z-1-G-5CG-01LB J"|NBMT|1|Investigation|"Investigation report of transmission bearing due to abnormal noise at 14921 km for bearing No.HTFB73Z from DDMI (1pc.)"|"Customer cutting the bearing"|13
APTX25367|CZT-25060522|E.Krittimet||S.Ushimaru|2025-12-09|2025-12-18|2025-12-22|2025-12-26||||L-NSK|"POSCO TCS"|Ms.Supaporn|IND|"BUR S1"|"STF595KVE8451A1E1GCS3CG240P5BU2 PMKX"||2|On-site|"On-site investigation of failed BUR bearing in skin pass mill (ZA-461)"||13
APTX25366|CZT-25056518|E.Krittimet||S.Ushimaru|2025-12-09|2025-12-12|2025-12-16|2025-12-17||||L-NSK|"Kang Yong Electric"|Mr.Ingkarat|IND|Motor|"6202ZZCMR BH ENSS6"|H/F|4|Investigation|"Investigation of bearings in water pump motor_Kangyong (4pcs.)"||7
APTX25365||H.Supaporn||T.Miyazawa|2025-12-03|2025-12-09|2025-12-10|2025-12-10||||SNSS||Mr.Tanatip|STG|"Worm gear steering column "|"17BSWZ02ZZC2E PS2S"|ISHIBE|1|Investigation|||7
APTX25364|-|M.Arisara|S.Ushimaru|T.Ikeda|2025-12-02|2025-12-18|2025-12-18|2025-12-19||||"CAD IGT"|CAD|Mr.Kanda|General|-|-||1|Other|"11_APTX25364_Activity FY2025 3Q_CAD IRTD_rev0"||16
APTX25363|-|M.Arisara|S.Ushimaru|T.Ikeda|2025-12-02|2025-12-18|2025-12-18|2025-12-19||||A/J|A/J|Mr.Inoue|General|-|-||1|Other|"9_APTX25363_Activity FY2025 3Q_AJ_rev0"||16
APTX25362|-|M.Arisara|S.Ushimaru|T.Ikeda|2025-12-02|2025-12-18|2025-12-18|2025-12-19||||VN-NSK|VN-NSK|Mr.Kawamoto|General|-|-||1|Other|"8_APTX25362_Activity FY2025 3Q_VN-NSK_rev0"||16
APTX25361|-|M.Arisara|S.Ushimaru|T.Ikeda|2025-12-02|2025-12-18|2025-12-18|2025-12-19||||Q-NSK|Q-NSK|Mr.Nakano|General|-|-||1|Other|"7_APTX25361_Activity FY2025 3Q_Q-NSK_rev0"||16
APTX25360|-|M.Arisara|S.Ushimaru|T.Ikeda|2025-12-02|2025-12-18|2025-12-18|2025-12-19||||NBI|NBI|Mr.Naga|General|-|-||1|Other|"6_APTX25360_Activity FY2025 3Q_NBI_rev0"||16
APTX25359|-|M.Arisara|S.Ushimaru|T.Ikeda|2025-12-02|2025-12-18|2025-12-18|2025-12-19||||NIS|NIS|Mr.Shimada|General|-|-||1|Other|"5_APTX25359_Activity FY2025 3Q_NIS_rev0"||16
APTX25358|-|M.Arisara|S.Ushimaru|T.Ikeda|2025-12-02|2025-12-18|2025-12-18|2025-12-19||||JK-NSK|JK-NSK|Mr.Endo|General|-|-||1|Other|"4_APTX25358_Activity FY2025 3Q_JK-NSK_rev0"||16
APTX25357|-|M.Arisara|S.Ushimaru|T.Ikeda|2025-12-02|2025-12-18|2025-12-18|2025-12-19||||A-NSK|A-NSK|Mr.Bradley|General|-|-||1|Other|"3_APTX25357_Activity FY2025 3Q_A-NSK_rev0"||16
APTX25356|-|M.Arisara|S.Ushimaru|T.Ikeda|2025-12-02|2025-12-18|2025-12-18|2025-12-19||||L-NSK|L-NSK|Mr.Sangchai|General|-|-||1|Other|"2_APTX25356_Activity FY2025 3Q_L-NSK_rev0"||16
APTX25355|-|M.Arisara|S.Ushimaru|T.Ikeda|2025-12-02|2025-12-18|2025-12-18|2025-12-19||||NBMT|NBMT|Mr.Poopol|General|-|-||1|Other|"1_APTX25355_Activity FY2025 3Q_NBMT_rev0"||16
APTX25354||T.Theera||F.Soda|2025-12-02|||||||NBMT|ITA|"Mr.Eisho Watanabe"||HUB2.5|48KWH01,02|NBMT|||"Prototype Specs RS00 (48KWH01/02)"||
APTX25353|CZT-25058385|C.Aunchittha||T.Miyazawa|2025-12-01|2025-12-03|2025-12-08|2025-12-08|5.0|1.0||NBMT|AIAP|Mr.Wachiranunt|Powertrain|"Water pump"|BWFS30-89|NBMT|1|Investigation|"Investigation FTR-WP Leak BWFS30-89 (386) AIAP (1pc.)"||7
APTX25352|CZT-25057950|E.Krittimet||S.Ushimaru|2025-11-24|2025-12-10|2025-12-12|2025-12-15||||L-NSK|Kubota|Mr.Ingkarat|IND|Gear|"6305CM BH"|H/F|4|Investigation|"Investigation of bearings after tested"||18
APTX25351|CZT-25056947|S.Nuttapon||F.Soda|2025-11-25|2025-11-28|2025-12-02|2025-12-04|8.0|3.0||NBMT|TMT|Mr.Wachiranunt|HUB|HUB3|59BWKHS10|NBMT|1|Warranty|"Investigation Report of Front Wheel Hub Bearing from Philippines - 59BWKHS10 (1pc)"||7
APTX25350||S.Ushimaru||T.Ikeda|2025-11-27|2025-11-28|2025-11-28|2025-11-28||||L-NSK|"KUSATSU ELECTRIC (THAILAND) CO., LTD."||IND|||||"Tech report"|"Grease Quantity Information"||1
APTX25349|-|S.Nattiwat||F.Soda|2025-11-27|2025-12-11|2025-12-11|2025-12-26||2.0|1.0|NBMT|HATC|"Ms.Arisa Kohgaew"|HUB|HUB3|65BWKH19y5|NBMT|1|"Tech report"|"3DAA FR (LARGE) HUB BRG.Life calculation considering outer ring raceway roundness deformation (translate report)"||14
APTX25348|CZT-25056425|L.Pawet||T.Miyazawa|2025-11-26|2025-12-03|2025-12-09|2025-12-10||||JK-NSK|"PT. SUZUKI INDOMOBIL MOTOR"|Mr.Anas|Powertrain|"Clutch release"|"48TKZ3301D1 LB ENSSJ"|NBMT|1|Investigation|"Investigation clutch release bearing No.48TKZ3301D1 abnormal noise from PT. Suzuki Indomobil Motor"||13
APTX25347|CZT-25056425|L.Pawet||T.Miyazawa|2025-11-26|2025-12-03|2025-12-09|2025-12-10||||JK-NSK|"PT. SUZUKI INDOMOBIL MOTOR"|Mr.Anas|Powertrain|"Clutch release"|"48TKZ3301D1 LB ENSSJ"|NBMT|1|Investigation|"Investigation clutch release bearing No.48TKZ3301D1 abnormal noise from PT. Suzuki Indomobil Motor"||13
APTX25346|CZT-25060823|L.Peerapat||F.Soda|2025-11-24|2025-12-12|2026-01-17|2025-12-26|2.0|8.0|1.0|NBMT|ITA|Mr.Watanabe|HUB|T-HUB2.5|48KWH01Ay2U42+X2|NBMT|1|"Testing (Schedule)"|"Evaluation Test Schedule of Study on Increasing Gross Axle Weight for RS00 Front Wheel Bearing (48KWH01A)"||54
APTX25345|CZT-25057343|D.Setthawut||T.Miyazawa|2025-11-26|2025-12-09|2025-12-10|2025-12-10||||NBMT|"Toyota Thailand"|"Mr.Wachiranunt Kaewrakon"|Powertrain|"Clutch release"|"58TKZ3505H1RA6 "|NBMT|2|Investigation|"Investigation clutch release bearing 58TKZ3505H1RA6 abnormal noise from AIAT (1pc.)"||14
APTX25344|CZT-25056563|C.Aunchittha||T.Miyazawa|2025-11-25|2025-11-27|2025-12-02|2025-12-02|4.2|2.1||NBMT|AIAP|Mr.Wachiranunt|Powertrain|"Water pump"|BWFS30-89|NBMT|1|Investigation|"Investigation WP Leak Bearing No. BWFS30-89 (305) AIAP (1pc.)"||7
APTX25343|CZT-25056563|C.Aunchittha||T.Miyazawa|2025-11-25|2025-11-27|2025-12-02|2025-12-02|4.2|2.1||NBMT|AIAP|Mr.Wachiranunt|Powertrain|"Water pump"|BWFS30-89|NBMT|1|Investigation|"Investigation WP Noise Bearing No. BWFS30-89 (304) AIAP (1pc.)"||7
APTX25342|CZT-25053603|C.Aunchittha||T.Miyazawa|2025-11-18|2025-11-26|2025-11-28|2025-11-28|5.2|1.6||NBI|"GATES UNITTA INDIA"|Mr.Chandru|Powertrain|"Tensioner pulley"|"6203T1XLDDG8ACG-12LF2 HT1LQ"|NBMI|3|Investigation|"Investigation TP Noise Bearing No.6203T1XL Gates Unitta India (3pcs.)"||10
APTX25341|CZT-25056751|M.Supaporn||S.Ushimaru|2025-11-24|2025-12-03|2025-12-04|2025-12-04||||L-NSK|"KUSATSU ELECTRIC (THAILAND)"|Mr.Prateep|IND|"Fan motor"|"6002ZZC3ER** EA6"||2|Investigation|"Investigation of abnormal noise fan motor bearings for air conditioner"||10
APTX25340|CZT-25054426|S.Nuttapon||F.Soda|2025-11-20|2025-11-21|2025-11-28|2025-11-28|2.0|1.0||JK-NSK|TMMIN|Mr.Alfy|HUB|HUB1|43KWD07|NBMT|1|Warranty|"Evidence for Reject Investigate Bearing from Indonesia-43KWD07"||8
APTX25339|CZT-25054421|S.Nuttapon||F.Soda|2025-11-20|2025-11-21|2025-11-28|2025-11-28|2.0|1.0||JK-NSK|TMMIN|Mr.Alfy|HUB|HUB1|43KWD07|NBMT|1|Warranty|"Evidence for Reject Investigate Bearing from Indonesia-43KWD07"||8
APTX25338|CZT-25054425|S.Nuttapon||F.Soda|2025-11-20|2025-11-21|2025-11-28|2025-11-28|8.0|2.0||JK-NSK|TMMIN|Mr.Alfy|HUB|HUB1|43KWD07|NBMT|1|Warranty|"Investigation Report of IMV Front Wheel Hub Bearing from Indonesia - 43KWD07"||8
APTX25337|CZT-25007213|S.Nattiwat||F.Soda|2025-11-17|2025-12-08|2025-12-11|2025-11-30|2.0|3.0|1.0|NBMT|HATC|"Ms.Arisa Kohgaew"|HUB|HUB3|65BWKH19y5|NBMT|2|Testing|"Evaluation Results for 3DAA FR HUB BRG. Outer Ring Raceway Surface Roundness (New model PV)
"||24
APTX25336|CZT-25060527|M.Supaporn|S.Muntana|S.Ushimaru|2025-11-14|2025-12-12|2025-12-12|2025-12-12||||L-NSK|Posco|Mr.Prateep|IND|"Back up roll bearing"|"STF595KVE8451A1E1gCS30CG240 P5BU2 PMKX"||1||"On-site investigation of failed BUR bearing in skin pass mill (ZA464  and ZA465)"||28
APTX25335|CZT-25060527|M.Supaporn|S.Muntana|S.Ushimaru|2025-11-14|2025-12-11|2025-12-12|2025-12-12||||L-NSK|Posco|Mr.Prateep|IND|"Back up roll bearing"|"STF595KVE8451A1E1gCS30CG240 P5BU2 PMKX"||1|On-site|"On-site investigation of failed BUR bearing in skin pass mill (YD433)"||28
APTX25334|CZT-25060527|M.Supaporn|S.Muntana|S.Ushimaru|2025-11-14|2025-12-10|2025-12-12|2025-12-12||||L-NSK|Posco|Mr.Prateep|IND|"Back up roll bearing"|"STF595KVE8451A1E1gCS30CG240 P5BU2 PMKX"||1|On-site|"On-site investigation of failed BUR bearing in skin pass mill (YD432)"||28
APTX25333|CZT-25045073|T.Theera|L.Peerapat|F.Soda|2025-11-19|||2026-04-30||||NBMT|ITA|"Mr.Eisho Watanabe"|HUB|HUB1|42KWD08B|NBMT|2|Testing|"Pattern test"||
APTX25332|CZT-25045073|T.Theera|L.Peerapat|F.Soda|2025-11-19|2025-12-09|2026-01-13|2026-04-30|4.0|3.0|1.0|NBMT|ITA|"Mr.Eisho Watanabe"|HUB|T-HUB1|42KWD08B|NBMT|2|Testing|"Seizure test"||55
APTX25331|CZT-25053603|C.Aunchittha||T.Miyazawa|2025-11-18|2025-11-26|2025-11-28|2025-11-28|14.1|4.1||NBI|"GATES UNITTA INDIA"|Mr.Chandru|Powertrain|"Tensioner pulley"|"6203T1XLDDG8ACG-12LF2 HT1LQ"|NBMI|7|Investigation|"Investigation TP Noise Bearing No.6203T1XL Gates Unitta India (7pcs.)"||10
APTX25330|CZT-25007213|S.Nattiwat||F.Soda|2025-11-03|2025-11-17|2025-11-28|2025-11-30|4.0|3.0|1.0|NBMT|HATC|"Ms.Arisa Kohgaew"|HUB|HUB3|65BWKH19y5|NBMT|2|Testing|"Evaluation Test Results for 3DAA FR HUB BRG. Rotating Bending Moment Durability Test(New model PV)
"||25
APTX25329|CZT-25045073|T.Theera|L.Peerapat|F.Soda|2025-11-14|2025-12-03|2026-01-13|2026-04-26|4.0|3.0|1.0|NBMT|ITA|"Mr.Eisho Watanabe"|HUB|T-HUB1|42KWD08B|NBMT|2|Testing|"High Temp."||60
APTX25328|CZT-25055108|S.Nuttapon||F.Soda|2025-11-14|2025-11-17|2026-03-09|2025-11-24||4.0||NBMT|FMC|Mr.Jakkrit|HUB|HUB1|47KWD04|NBMT||Testing|"Prototype Production Specification of Sample-Making Request for Proposal New Material Source Application (Korea Material - SeAH) 
"||115
APTX25327|Email|T.Miyazawa||T.Ikeda|2025-11-12|2025-11-21|2025-11-21|2025-11-21|6.0|1.0|1.0|VN-NSK|"Honda Vietnam Co.,Ltd"|Mr.Han|Powertrain|Motorcycle|6301|H/F|1|"Tech report"|"Test Result Report for Bearing Produced in Hefei Following Plant Transfer"|"6301, A/J,plant transfer, honda, H/F, 6205 "|9
APTX25326|CZT-25045073|T.Theera|L.Peerapat|F.Soda|2025-11-12|2025-12-04|2026-01-13|2026-04-30|4.0|3.0|1.0|NBMT|ITA|"Mr.Eisho Watanabe"|HUB|T-HUB1|42KWD08B|NBMT|2|Testing|Turning||62
APTX25325||S.Ushimaru||T.Ikeda|2025-11-11|2025-11-14|2025-11-14|2025-11-14||||L-NSK|"G Steel Public Company Limited"||IND|"CCM Mold Oscillation"||||"Tech report"|"NSK Bearing Specification of CCM Mold Oscillation for G Steel"||3
APTX25324|CZT-25054488|C.Aunchittha||T.Miyazawa|2025-11-11|2025-11-19|2025-11-25|2025-11-25|2.8|1.1||NBMT|AIAP|Mr.Wachiranunt|Powertrain|"Water pump"|BWFS30-89|NBMT|1|Investigation|"Investigation WP Leak Bearing No. BWFS30-89 (271) AIAP (1pc.)"||14
APTX25323|CZT-25054474|C.Aunchittha||T.Miyazawa|2025-11-11|2025-11-19|2025-11-25|2025-11-25|2.8|1.1||NBMT|AIAP|Mr.Wachiranunt|Powertrain|"Water pump"|BWFS30-82X-A-R1-01LBC|NBMT|1|Investigation|"Investigation WP Leak Bearing No. BWFS30-82X (272) AIAP (1pc.)"||14
APTX25322|CZT-25054474|C.Aunchittha||T.Miyazawa|2025-11-11|2025-11-25|2025-11-25|2025-11-25|2.9|2.1||NBMT|AIAP|Mr.Wachiranunt|Powertrain|"Water pump"|BWFS30-82X-A-R1-01LBC|NBMT|1|Investigation|"Investigation WP Noise Bearing No. BWFS30-82X (270) AIAP (1pc.)"||14
APTX25321|CZT-25054474|C.Aunchittha||T.Miyazawa|2025-11-11|2025-11-19|2025-11-25|2025-11-25|2.8|1.1||NBMT|AIAP|Mr.Wachiranunt|Powertrain|"Water pump"|BWFS30-82X-A-R1-01LBC|NBMT|1|Investigation|"Investigation WP Noise Bearing No. BWFS30-82X (269) AIAP (1pc.)"||14
APTX25320|CZT-25054474|C.Aunchittha||T.Miyazawa|2025-11-11|2025-11-19|2025-11-25|2025-11-25|2.8|1.1||NBMT|AIAP|Mr.Wachiranunt|Powertrain|"Water pump"|BWFS30-82X-A-R1-01LBC|NBMT|1|Investigation|"Investigation WP Noise Bearing No. BWFS30-82X (268) AIAP (1pc.)"||14
APTX25319|CZT-25054474|C.Aunchittha||T.Miyazawa|2025-11-11|2025-11-19|2025-11-25|2025-11-25|2.8|1.1||NBMT|AIAP|Mr.Wachiranunt|Powertrain|"Water pump"|BWFS30-82X-A-R1-01LBC|NBMT|1|Investigation|"Investigation WP Noise Bearing No. BWFS30-82X (267) AIAP (1pc.)"||14
APTX25318|CZT-25054474|C.Aunchittha||T.Miyazawa|2025-11-11|2025-11-19|2025-11-25|2025-11-25|2.7|1.1||NBMT|AIAP|Mr.Wachiranunt|Powertrain|"Water pump"|BWFS30-82X-A-R1-01LBC|NBMT|1|Investigation|"Investigation WP Leak Bearing No. BWFS30-82X (266) AIAP (1pc.)"||14
APTX25317|CZT-25053407|L.Pawet|||2025-11-10|2025-11-20|2025-11-21|2025-11-21||||JK-NSK|"PT. AISIN INDONESIA AUTOMOTIVE"|"Mr.Edwin Saleh"|Powertrain|"Water pump"|"BWFS30-82X-A-R1-01LB WPHSJ"|NBMT|1|Investigation|"Investigation WP Noise Bearing No. BWFS30-82X-A-R1-01LB WPHSJ () AIIA (1pc.)"||11
APTX25316|CZT-25053407|L.Pawet||T.Miyazawa|2025-11-10|2025-11-19|2025-11-21|2025-11-21||||JK-NSK|"PT. AISIN INDONESIA AUTOMOTIVE"|"Mr.Edwin Saleh"|Powertrain|"Water pump"|"BWFS30-82X-A-R1-01LB WPHSJ"|NBMT|1|Investigation|"Investigation WP Noise Bearing No. BWFS30-82X-A-R1-01LB WPHSJ () AIIA (1pc.)"||11
APTX25315|CZT-25053407|L.Pawet||T.Miyazawa|2025-11-10|2025-11-19|2025-11-21|2025-11-21||||JK-NSK|"PT. AISIN INDONESIA AUTOMOTIVE"|"Mr.Edwin Saleh"|Powertrain|"Water pump"|"BWFS30-82X-A-R1-01LB WPHSJ"|NBMT|1|Investigation|"Investigation WP Noise Bearing No. BWFS30-82X-A-R1-01LB WPHSJ () AIIA (1pc.)"||11
APTX25314|CZT-25052056|S.Nattiwat||F.Soda|2025-11-07||2025-11-14|2025-11-14||||JK-NSK|TMMIN|"Mr.Edwin Saleh"|HUB|T-HUB1|43KWD07AU42|NBMT|1|Warranty|"Investigation Report of IMV Front Wheel Hub Bearing from Indonesia 43KWD07A (1Pc)
"||7
APTX25313|CZT-25052048|S.Nattiwat||F.Soda|2025-11-07||2025-11-14|2025-11-14||||JK-NSK|TMMIN|"Mr.Edwin Saleh"|HUB|T-HUB1|43KWD07AU42|NBMT|1|Warranty|"Investigation Report of IMV Front Wheel Hub Bearing from Indonesia 43KWD07A (1Pc)
"||7
APTX25312|CZT-25052054|S.Nattiwat||F.Soda|2025-11-07||2025-11-14|2025-11-14||||JK-NSK|TMMIN|"Mr.Edwin Saleh"|HUB|T-HUB1|43KWD07AU42|NBMT|1|Warranty|"Investigation Report of IMV Front Wheel Hub Bearing from Indonesia 43KWD07A (1Pc)
"||7
APTX25311|CZT-25052053|S.Nattiwat||F.Soda|2025-11-07||2025-11-14|2025-11-14||||JK-NSK|TMMIN|"Mr.Edwin Saleh"|HUB|T-HUB1|43KWD07AU42|NBMT|1|Warranty|"Investigation Report of IMV Front Wheel Hub Bearing from Indonesia 43KWD07A (1Pc)
"||7
APTX25310|CZT-25052050|S.Nattiwat||F.Soda|2025-11-07||2026-03-11|2025-11-14||||JK-NSK|TMMIN|"Mr.Alfy Sukma"|HUB|T-HUB1|43KWD07AU42|NBMT|1|Warranty|"Evidence for Reject Investigate Bearing from Indonesia 1 pcs 43KWD07A"||124
APTX25309|CZT-25052051|S.Nattiwat||F.Soda|2025-11-07||2025-11-11|2025-11-14||||JK-NSK|TMMIN|"Mr.Alfy Sukma"|HUB|T-HUB1|43KWD07AU42|NBMT|1|Warranty|"Evidence for Reject Investigate Bearing from Indonesia 1 pcs 43KWD07A"||4
APTX25308|CZT-25052052|S.Nattiwat||F.Soda|2025-11-07||2025-11-11|2025-11-14|||||TMMIN|"Mr.Alfy Sukma"|HUB|T-HUB1|43KWD07AU42||1||"Evidence for Reject Investigate Bearing from Indonesia 1 pcs 43KWD07"||4
APTX25307|CZT-25052049|S.Nattiwat||F.Soda|2025-11-07||2025-11-11|2025-11-14||||JK-NSK|TMMIN|"Mr.Alfy Sukma"|HUB|T-HUB1|43KWD07AU42|NBMT|1|Warranty|"Evidence for Reject Investigate Bearing from Indonesia 1 pcs"||4
APTX25306||S.Ushimaru||T.Ikeda|2025-11-06|2025-11-07|2025-11-07|2025-11-07||||L-NSK|"KUSATSU ELECTRIC(THAILAND) Co., Ltd. "||IND|"Fan motor for air conditioner"||A/J||Investigation|"Investigation of abnormal noise fan motor bearings for air conditioner for Kusatsu Thailand"||1
APTX25305|CZT-25053785|H.Supaporn||T.Miyazawa|2025-11-05|2025-11-13|2025-11-14|2025-11-14||||JK-NSK|"PT Daihatsu Drivetrain Manufacturing Indonesia"|Mr.Alffy|Powertrain|Transmission|"HTFB73Z-1-G-5CG-01LB J"|NBMT|1|Investigation|"Investigation report of transmission bearing for bearing No.HTFB73Z from DDMI (1pc.)"||9
APTX25304|CZT-25054301|M.Supaporn||S.Ushimaru|2025-11-03|2025-11-11|2025-11-25|2025-11-28||||L-NSK|NS-SUS|Mr.Prateep|IND|"Deflector roll"|22210EAE4C3|FUKUSHIMA|1|Investigation|"Investigation of bearing failure in deflector roll due to increased vibration"||22
APTX25303|CZT-25048678|L.Pawet||T.Miyazawa|2025-10-16|2025-10-28|2025-10-29|2025-10-31||||JK-NSK|"PT. SUZUKI INDOMOBIL MOTOR"|"Mr.Edwin Saleh"|Powertrain|"Clutch release"|"48TKZ3301D1 LB ENSSJ"|NBMT|1|Investigation|"Investigation clutch release bearing No.48TKZ3301D1 abnormal noise from PT. Suzuki Indomobil Motor Report FTIR No. ID202509B00337 (1 pc.)"||13
APTX25302|CZT-25048678|L.Pawet||T.Miyazawa|2025-10-16|2025-10-28|2025-10-29|2025-10-31||||JK-NSK|"PT. SUZUKI INDOMOBIL MOTOR"|"Mr.Edwin Saleh"|Powertrain|"Clutch release"|"48TKZ3301D1 LB ENSSJ"|NBMT|1|Investigation|"Investigation clutch release bearing No.48TKZ3301D1 abnormal noise from PT. Suzuki Indomobil Motor Report FTIR No. ID202509B00336 (1 pc.)
"||13
APTX25301||D.Setthawut||T.Miyazawa|2025-10-30|2025-11-18|2025-11-21|2025-11-21||||NBMT|"TBKK Thailand"|Ms.Nutcha|Powertrain|"Water pump"|RWF42-119|NBMT|1|Investigation|||22
APTX25300|CZT-25052143|H.Supaporn||T.Miyazawa|2025-10-28|2025-11-07|2025-11-14|2025-11-14||||NBMT|"Bando Manufacturing (Thailand) Ltd."|Mr.Wachiranunt|Powertrain|T/P|"70SPF03112DDG8A LBB HT1LZ"|NBMT|3|Investigation|"Investigation report of idler due to abnormal noise for bearing No.70SPF03112 from Bando (3pcs.)"||17
APTX25299|CZT-25049633|C.Aunchittha||T.Miyazawa|2025-10-27|2025-11-11|2025-11-14|2025-11-14|6.5|3.8||JK-NSK|"PT. AKASHI"|Mr.Alfy|Powertrain|"Clutch release"|44TKZ2804|NBMT|2|Investigation|"Investigation Clutch Release Noise Bearing No.44TKZ2804 (2pcs.) from PT.Akashi"||18
APTX25298|CZT-25052057|T.Theera||F.Soda|2025-10-28|2025-11-12|2025-11-13|2025-11-14|6.0|2.0||JK-NSK|HPM|Mr.Alfy|HUB|HUB1|38BWD27R|NBMI|1|Warranty|"Investigation Report of Returned Front Wheel Bearing from Indonesia 38BWD27R (1pc.)"||16
APTX25297|CZT-25050679|S.Nuttapon||F.Soda|2025-10-28|2025-10-30|2025-10-31|2025-11-04|8.0|3.0||NBMT|TMT|Mr.Wachiranunt|HUB|"HUB III"|62BWKH32|NBMT|1|Warranty|"Investigation Report of Front Wheel Hub Bearing from Rep. of China"||3
APTX25296|CZT-25049633|C.Aunchittha||T.Miyazawa|2025-10-27|2025-11-13|2025-11-14|2025-11-14|21.8|14.0||JK-NSK|"PT. AKASHI"|Mr.Alfy|Powertrain|"Clutch release"|44TKZ2801H|ISHIBE|8|Investigation|"Investigation Clutch Release Noise Bearing No.44TKZ2801H (8pcs.) from PT.Akashi"||18
APTX25295|CZT-25051201|M.Supaporn||S.Ushimaru|2025-10-27|2025-10-28|2025-10-31|2025-11-11||||L-NSK|"Sahaviriya Plate Mill Public Company Limited"|Mr.Prateep||"Work roll bearing for finishing mill"|||1||"Investigation of grease on bearing no.571KV815FEgs3"||4
APTX25294|CZT-25049091|S.Nattiwat||F.Soda|2025-10-15|2025-10-20|2025-10-22|2025-10-23||||JK-NSK|TMMIN|"Mr.Alfy Sukma"|HUB|T-HUB1|43KWD07AU42|NBMT|2|Warranty|"Evidence for Reject Investigate Bearing from Indonesia 43KWD07 (1 pc)"||7
APTX25293|CZT-25049093|S.Nattiwat||F.Soda|2025-10-15|2025-10-20|2025-10-22|2025-10-23||||JK-NSK|TMMIN|"Mr.Alfy Sukma"|HUB|T-HUB1|43KWD07AU42|NBMT|2|Warranty|"Evidence for Reject Investigate Bearing from Indonesia 43KWD07A (1 pc)"||7
APTX25292||S.Ushimaru||S.Ushimaru|2025-10-16|2025-10-21|2025-10-21|2025-10-21||||L-NSK|"SEIKOUSHA-FV(THAILAND)CO., LTD."||IND|||||"Tech report"|"Introduction of Condition monitoring business"||5
APTX25291|CZT-25048678|L.Pawet||T.Miyazawa|2025-10-16|2025-10-28|2025-10-29|2025-10-31||||JK-NSK|"PT. SUZUKI INDOMOBIL MOTOR"|"Mr.Edwin Saleh"|Powertrain|"Clutch release"|"48TKZ3301D1 LB ENSSJ"|NBMT|2|Investigation|"Investigation clutch release bearing No.48TKZ3301D1 abnormal noise from PT. Suzuki Indomobil Motor (2 pcs.)"||13
APTX25290|CZT-25049094|S.Nattiwat||F.Soda|2025-10-15|2025-10-20|2025-10-22|2025-10-23||||JK-NSK|TMMIN|"Mr.Alfy Sukma"|HUB|T-HUB1|43KWD07AU42|NBMT|2|Warranty|"Evidence for Reject Investigate Bearing from Indonesia 43KWD07 (2 pcs)"||7
APTX25289|"CZT-25029855	"|S.Nuttapon||F.Soda|2025-10-16||2025-10-16|2025-10-16|32.0|8.0||Q-NSK|PERODUA|"Mr.Kian Hoe Choo"|HUB|HUB1|35BWD|||Investigation|"Investigate bearing after test of PERODUA MYVI - 35BWD"||0
APTX25288|CZT-25048799|D.Setthawut||T.Miyazawa|2025-10-09|2025-10-21|2025-10-24|2025-10-24||||NBMT|"TBKK Thailand"|Ms.Nutcha|Powertrain|"Water pump"|RWF42-162R6R8|NBMT|1|Investigation|"Investigation WP Leak bearing No. RWF42-162 TBKK Thailand (1 pc.)"||15
APTX25287|CZT-25048945|C.Aunchittha|||2025-10-02|2025-10-27|2025-10-28|2025-10-28|8.1|2.0||NBI|"GATES UNITTA INDIA"|Mr.Chandru|Powertrain|"Tensioner pulley"|"6203T1XLDDG8ACG-12LF2 HT1LQ"|K/S|5||"Investigation TP Noise Bearing No.6203T1X Gate Unita India (5pcs.)"||26
APTX25286|CZT-25048945|C.Aunchittha||T.Miyazawa|2025-10-02|2025-10-27|2025-10-28|2025-10-28|6.5|2.0||NBI|"GATES UNITTA INDIA"|Mr.Chandru|Powertrain|"Tensioner pulley"|"6203T1XLDDG8ACG-12LF2 HT1LQ"|K/S|4|Investigation|"Investigation TP Noise Bearing No.6203T1X Gate Unita India (4pcs.)"||26
APTX25285|CZT-25048258|S.Nuttapon||F.Soda|2025-10-14|2025-10-15|2025-10-17|2025-10-17|16.0|4.0||NBMT|TMT|Ms.Methira|HUB|"HUB III"|58BWKH37|NBMT|3|Warranty|" Investigation Report of Front Wheel Hub Bearing from Thailand 58BWKH37E (3pcs.)"||3
APTX25284|CZT-25047946|M.Supaporn||S.Ushimaru|2025-10-10|2025-10-16|2025-10-20|2025-10-27||||L-NSK|Nidec|Mr.Ingkarat|IND|"Air-condition (Indoor type)"|"6002T1XLZZC3ER** HS NS7L6"||2|Investigation|"Investigation of noise problem bearing in air conditioner "||10
APTX25283|CZT-25048259|C.Aunchittha||T.Miyazawa|2025-10-14|2025-10-21|2025-10-22|2025-10-24|10.1|2.5||NBMT|Bando|Mr.Wachiranunt|Powertrain|"Tensioner pulley"|65SPF0329|NBMT|2|Investigation|"Investigation TP Noise Bearing No.65SPF0329 Bando (2pcs.)"||8
APTX25282|CZT-25048217|S.Muntana|M.Supaporn|S.Ushimaru|2025-10-06|2025-10-10|2025-10-17|2025-10-21||||L-NSK|"Siam kraft"|Mr.Prateep|IND|"Press center roll"|23088CAMKE4C3S11||1|Investigation|" Investigation for cracked bearing failure of press center roll"||11
APTX25281|CZT-25048330|H.Supaporn||T.Miyazawa|2025-10-08|2025-10-21|2025-10-24|2025-10-24||||NBMT|"Valeo Automotive (Thailand) Co.,Ltd."|Ms.Nutcha|Powertrain|MCB|32BD4718DDUK|ISHIBE|2|Investigation|"Investigation report of MCB due to abnormal noise for bearing No.32BD4718DDUK from Valeo (2pcs.)"||16
APTX25280|-|M.Arisara|S.Ushimaru|T.Ikeda|2025-10-08|2025-10-24|2025-10-24|2025-10-27||||T-NSK|T-NSK||General|-|-||1|Other|"10 APTX25280_Quotation FY2025 2H_T-NSK "||16
APTX25279|-|M.Arisara|S.Ushimaru|T.Ikeda|2025-10-08|2025-10-24|2025-10-24|2025-10-27||||A/J|A/J|Mr.Inoue|General|-|-||1|Other|"9 APTX25279_Quotation FY2025 2H_AJ plant"||16
APTX25278|-|M.Arisara|S.Ushimaru|T.Ikeda|2025-10-08|2025-10-24|2025-10-24|2025-10-27||||VN-NSK|VN-NSK|Mr.Kawamoto|General|-|-||1|Other|"8 APTX25278_Quotation FY2025 2H_VN-NSK"||16
APTX25277|-|M.Arisara|S.Ushimaru|T.Ikeda|2025-10-08|2025-10-24|2025-10-24|2025-10-27||||Q-NSK|Q-NSK|Mr.Nakano|General|-|-||1|Other|"7 APTX25277_Quotation FY2025 2H_Q-NSK"||16
APTX25276|-|M.Arisara|S.Ushimaru|T.Ikeda|2025-10-08|2025-10-24|2025-10-24|2025-10-27||||NBI|NBI|Mr.Nagai|General|-|-||1|Other|"6 APTX25276_Quotation FY2025 2H_NBI"||16
APTX25275|-|M.Arisara|S.Ushimaru|T.Ikeda|2025-10-08|2025-10-24|2025-10-24|2025-10-27||||NIS|NIS|Mr.Shimada|General|-|-||1|Other|"5 APTX25275_Quotation FY2025 2H_NIS"||16
APTX25274|-|M.Arisara|S.Ushimaru|T.Ikeda|2025-10-08|2025-10-24|2025-10-24|2025-10-27||||JK-NSK|์JK-NSK|Mr.Endo|General|-|-||1|Other|"4 APTX25274_Quotation FY2025 2H_JK-NSK"||16
APTX25273|-|M.Arisara|S.Ushimaru|T.Ikeda|2025-10-08|2025-10-24|2025-10-24|2025-10-27||||A-NSK|์A-NSK|Mr.Bradley|General|-|-||1|Other|"3 APTX25273_Quotation FY2025 2H_A-NSK"||16
APTX25272|-|M.Arisara|S.Ushimaru|T.Ikeda|2025-10-08|2025-10-24|2025-10-24|2025-10-27||||L-NSK|์L-NSK|Mr.Sangchai|General|-|-||1|Other|"2 APTX25272_Quotation FY2025 2H_L-NSK"||16
APTX25271|-|M.Arisara|S.Ushimaru|T.Ikeda|2025-10-08|2025-10-24|2025-10-24|2025-10-27||||NBMT|์NBMT|Mr.Satou|General|-|-||1|Other|"1 APTX25271_Quotation FY2025 2H_NBMT"||16
APTX25270|CZT-25048260|C.Aunchittha||T.Miyazawa|2025-10-08|2025-10-14|2025-10-17|2025-10-17|3.6|2.1||NBMT|AIAP|Mr.Wachiranunt|Powertrain|"Water pump"|BWFS30-82X-A-R1-01LBC|NBMT|1|Investigation|"Investigation WP Noise Bearing No. BWFS30-82X (246) AIAP (1pc.)"||9
APTX25269|CZT-25048260|C.Aunchittha||T.Miyazawa|2025-10-08|2025-10-14|2025-10-17|2025-10-17|3.7|1.6||NBMT|AIAP|Mr.Wachiranunt|Powertrain|"Water pump"|BWFS30-82X-A-R1-01LBC|NBMT|1|Investigation|"Investigation WP Noise Bearing No. BWFS30-82X (225) AIAP (1pc.)"||9
APTX25268|CZT-25048260|C.Aunchittha||T.Miyazawa|2025-10-08|2025-10-14|2025-10-17|2025-10-17|3.7|1.6||NBMT|AIAP|Mr.Wachiranunt|Powertrain|"Water pump"|BWFS30-82X-A-R1-01LBC|NBMT|1|Investigation|"Investigation WP Leak Bearing No. BWFS30-82X (224) AIAP (1pc.)"||9
APTX25267|CZT-25047561|T.Theera||F.Soda|2025-10-06|2025-10-10|2025-10-14|2025-10-15|14.0|2.0||NBMT|NMT|Mr.Wachiranunt|HUB|HUB3|41BWKH04|NBMT|1|Warranty|"Investigation Report of N18 Rear Wheel Hub Bearing from Thailand (41BWKH04 1pc.)"||8
APTX25266|-|E.Krittimet||S.Ushimaru|2025-10-03|2025-09-29|2025-11-03|2025-11-30||||AIBU|||IND|VST-100|||||"VST-100 introduction material"||31
APTX25265|CZT-24012760|S.Nattiwat||F.Soda|2025-09-02||2025-10-06|2025-10-10||||NBI||Mr.Shiraam|HUB|HUB1|48BWD02T|NBMI|2|Test|"Evaluation Test Report of 31XA FR HUB Bearing for NSK C/N plant VA/VE Weight Reduce (48BWD02T) (Limitation confirm) "||34
APTX25264|CZT-25046919|E.Krittimet||S.Ushimaru|2025-10-01|2025-10-17|2025-10-20|2025-10-21||||L-NSK|Kangyong|Mr.Ingkarat|IND|"Water pump motor"|"6202ZZCMR BH ENSS6"|H/F|8|Investigation|"Investigation of abnormal noise bearing in water pump motor"||19
APTX25263|CZT-25048168|M.Supaporn||S.Ushimaru|2025-09-22|2025-10-09|2025-10-27|||||L-NSK|NBMT|Mr.Prateep|IND|"Grinding machine "|"6021 (No full bearing no.) and NN3021MBKRCC1P5 "||2|Investigation|"Investigation of failed bearing in grinding machine"||35
APTX25262|-|M.Arisara||S.Ushimaru|2025-10-01|2025-10-01|2025-10-01|2025-10-01||||L-NSK|"NDS Motors Service "|Mr.Assawin|IND|-|-||1|"Educational document"|"Bearing seminar schedule and content for NDS Motors Service"||0
APTX25261|CZT-25029855|S.Nuttapon||F.Soda|2025-07-01|2025-09-30|2025-10-02|2025-10-04|128.0|8.0||Q-NSK|PERODUA|"Mr.Kian Hoe Choo"|HUB|HUB1|35BWD||10|Testing|"Evaluation Test Report of Front Wheel Bearing [Comparative Endurance Test for Perodua Myvi (JTEKT and 3rd Party)] - 35BWD
"||93
APTX25260|Email|T.Miyazawa||T.Ikeda|2025-09-26|2025-09-26|2025-09-26|2025-09-26|2.0|2.0|1.0|L-NSK|"Musashi Auto Parts Co.,Ltd."|Mr.Watanabe|Powertrain|Engine_|B67-1CG33**|NBMT|1|"Tech report"|"Specification Comparison of Bearing Between in Thailand/Japan plant
"|"B67-1, NBMT, Ishibe, engine, IMV, toyota"|0
APTX25259||S.Ushimaru||T.Ikeda|2025-09-24|2025-09-24|2025-09-24|2025-09-24||||"CAD IGT"|||IND|||||"Tech report"|"Criteria for Clarifying Mistakes Measuring / Design Task Speed"||0
APTX25258|-|T.Theera|S.Nuttapon|F.Soda|2025-07-31|2025-09-23|2025-10-23||29.0|8.0||NBMT|ITA||HUB|HUB2.5|48KWH01,02|NBMT|2|"Tech report"|"Results of Bolts Clamping Force Test for RG01 Front Wheel Bearing (48KWH01, 02)"|"CBT requests a check"|84
APTX25257|CZT-25046624|T.Theera|C.Pastraporn|F.Soda|2025-09-19|2025-09-24|2025-09-25|2025-09-29|10.0|2.0||NBMT|NMT|Mr.Wachiranunt|HUB|HUB3|41BWKH04|NBMT|1|Investigation|"Investigation Report of N18 Rear Wheel Hub Bearing from Thailand (41BWKH04 1pc. ABS)"||6
APTX25256|CZT-25029855|S.Nuttapon||F.Soda|2025-09-18|2025-09-18|2025-09-18|2025-09-18||8.0||Q-NSK|PERODUA|"Mr.Kian Hoe Choo"|HUB|HUB1|35BWD|||Testing|"Test result of JTEKT and SLING Bearing for PERODUA MYVI
"||0
APTX25255|CZT-25041707|S.Nattiwat||F.Soda|2025-09-09||2025-09-25|2025-09-30||||L-NSK||"Mr.Prateep Suphamongkhon"|HUB|HUB3|44200-T02-T51||1|Benchmark|"Benchmark of Front Wheel HUB 3 for Honda City"||16
APTX25254|CZT-25041735|L.Peerapat||F.Soda|2025-09-15|2025-09-19|2025-09-26|2025-09-19|8.0|8.0|8.0|NBMT|ITA|Mr.Watanabe|HUB|HUB1|42KWD08|NBMT|22|"Tech report"|"Request for Evaluation Test Sample Making of Switching Internal Grease from SHOWA SHELL 6459 to RAREMAX AF-1"||11
APTX25253|CZT-25044072|T.Theera||F.Soda|2025-09-15|2025-09-16|2025-09-17|2025-09-17|2.0|8.0||NBMT|ITA|"Mr.Eisho Watanabe"|HUB|HUB1|"BTH-5401A SKF"|NBMT|1|Benchmark|"Benchmark of Rear Wheel HUB Bearing SKF T-HUB1 for Ford Ranger
(BTH-5401A) Competitor Bearing of 42KWD08
"||2
APTX25252|CZT-25043290|M.Supaporn|E.Krittimet|S.Ushimaru|2025-09-09|2025-09-11|2025-09-18|2025-09-29||||L-NSK|"Bangkok Komatsu "|Mr.Prateep|IND|"Guide Roller"|6208ZZCM|FUKUSHIMA|1|Investigation|"Investigation of failed bearing in guide roller of overhead crane"||9
APTX25251|CZT-25042663|C.Aunchittha||T.Miyazawa|2025-09-10|2025-09-16|2025-09-19|2025-09-19|3.9|2.6||NBMT|AIAP|Ms.Methira|Powertrain|"Water pump"|RWF42-154|NBMT|1|Investigation|"Investigation WP Noise Bearing No.RWF42-154 (210) AIAP (1pc.)"||9
APTX25250|CZT-25042651|C.Aunchittha||T.Miyazawa|2025-09-10|2025-09-16|2025-09-19|2025-09-19|4.3|2.6||NBMT|AIAP|Ms.Methira|Powertrain|"Water pump"|BWFS30-89|NBMT|1|Investigation|"Investigation WP Leak Bearing No.BWFS30-89 (206) AIAP (1pc.)"||9
APTX25249|CZT-25042632|C.Aunchittha||T.Miyazawa|2025-09-10|2025-09-16|2025-09-19|2025-09-19|3.9|2.1||NBMT|AIAP|Ms.Methira|Powertrain|"Water pump"|BWFS30-82X-A-R1-01LBC|NBMT|1|Investigation|"Investigation WP Leak Bearing No.BWFS30-82X (193) AIAP (1pc.)"||9
APTX25248|-|M.Arisara|S.Ushimaru|T.Ikeda|2025-09-02|2025-09-22|2025-09-22|2025-09-22||||T-NSK|T-NSK_CAD|Mr.Kanda|General|-|-||1|Other|"11_APTX25248_Activity FY2025 2Q_CAD IRTD"||20
APTX25247|-|M.Arisara|S.Ushimaru|T.Ikeda|2025-09-02|2025-09-22|2025-09-22|2025-09-22||||A/J|A/J|Mr.Inoue|General|-|-||1|Other|"9_APTX25247_Activity FY2025 2Q_AJ"||20
APTX25246|-|M.Arisara|S.Ushimaru|T.Ikeda|2025-09-02|2025-09-22|2025-09-22|2025-09-22||||VN-NSK|VN-NSK|Mr.Kawamoto|General|-|-||1|Other|"8_APTX25246_Activity FY2025 2Q_VN-NSK"||20
APTX25245|-|M.Arisara|S.Ushimaru|T.Ikeda|2025-09-02|2025-09-22|2025-09-22|2025-09-22||||Q-NSK|Q-NSK|Mr.Nakano|General|-|-||1|Other|"7_APTX25245_Activity FY2025 2Q_Q-NSK"||20
APTX25244|-|M.Arisara|S.Ushimaru|T.Ikeda|2025-09-02|2025-09-22|2025-09-22|2025-09-22||||NBI|NBI|Mr.Naga|General|-|-||1|Other|"6_APTX25244_Activity FY2025 2Q_NBI"||20
APTX25243|-|M.Arisara|S.Ushimaru|T.Ikeda|2025-09-02|2025-09-22|2025-09-22|2025-09-22||||NIS|NIS|Mr.Shimada|General|-|-||1|Other|"5_APTX25243_Activity FY2025 2Q_NIS"||20
APTX25242|-|M.Arisara|S.Ushimaru|T.Ikeda|2025-09-02|2025-09-22|2025-09-22|2025-09-22||||JK-NSK|JK-NSK|Mr.Endo|General|-|-||1|Other|"4_APTX25242_Activity FY2025 2Q_JK-NSK"||20
APTX25241|-|M.Arisara|S.Ushimaru|T.Ikeda|2025-09-02|2025-09-22|2025-09-22|2025-09-22||||A-NSK|A-NSK|Mr.Bradley|General|-|-||1|Other|"3_APTX25241_Activity FY2025 2Q_A-NSK"||20
APTX25240|-|M.Arisara|S.Ushimaru|T.Ikeda|2025-09-02|2025-09-22|2025-09-22|2025-09-22||||L-NSK|L-NSK|Mr.Sangchai|General|-|-||1|Other|"2_APTX25240_Activity FY2025 2Q_L-NSK"||20
APTX25239|-|M.Arisara|S.Ushimaru|T.Ikeda|2025-09-02|2025-09-22|2025-09-22|2025-09-22||||NBMT|NBMT|Mr.Poopol|General|-|-||1|Other|"1_APTX25239_Activity FY2025 2Q_NBMT"||20
APTX25238|CZT-25041738|L.Peerapat||F.Soda|2025-08-27|2025-09-05|2025-09-10|2025-09-05|2.0|16.0|2.0||ITA|Mr.Watanabe|HUB|HUB1|42KWD08|NBMT|1|"Testing (Schedule)"|"Evaluation Test Schedule of Switching Internal Grease for RG01 Rear Wheel Bearing from SHOWA SHELL 6459 to RAREMAX AF-1"||14
APTX25237|-|M.Arisara||S.Ushimaru|2025-08-18|2025-08-18|2025-08-18|2025-08-19||||L-NSK|"Sahaviriya Steel Industry Public  Co., Ltd."|Ms.Kritsana|IND||||1|"Educational document"|"Bearing seminar schedule and content for SSI"||0
APTX25236|CZT-25026286|D.Setthawut|L.Pawet|T.Miyazawa|2025-08-18|2025-08-19|2025-08-20|2025-08-22||||NBMT|"Thai NOK"|Ms.Arisa|Powertrain|"Center bearing"|62/32|NBMT|2|Testing|"Evaluation test for support Thai NOK_62-32 both bearing seal deform"||2
APTX25235|CZT-25039060|M.Supaporn||S.Ushimaru|2025-08-18|2025-08-29|2025-09-01|2025-09-05||||L-NSK|UACJ|Mr.Prateep|IND|"Scrap chopper"|7016ADBM||2|Benchmark|"Investigation of potentially fake bearing No.7016ADBM"||14
APTX25234|CZT-25037091|S.Nattiwat||F.Soda|2025-08-13||2025-08-15|2025-08-15||||JK-NSK|TMMIN|"Mr.Edwin Saleh"|HUB|T-HUB1|43KWD07AU42|NBMT|1|Warranty|"Evidence for Reject Investigate Bearing from Indonesia"||2
APTX25233|CZT-25029855|S.Nuttapon||F.Soda|2025-08-11|2025-08-11|2025-08-11|2025-08-13|8.0|8.0||Q-NSK|PERODUA||HUB|||||"Tech report"|"Comparative Bearing Condition Between JTEKT and SLING for PERODUA MYVI
"||0
APTX25232|CZT-25034663|T.Theera||F.Soda|2025-08-07|2025-08-22|2025-08-25|2025-08-25|20.0|3.0||NBMT|TMT|Ms.Methira|HUB|HUB3|58BWKH37E|NBMT|6|Warranty|"Investigation Report of Front Wheel Hub Bearing from Thailand 58BWKH37E (6pcs.)"||18
APTX25231||M.Arisara||S.Ushimaru|2025-08-07|2025-08-07|2025-08-07|2025-08-07||||AIBU|L-NSK|Mr.Sunphanich|IND|-|-||1|"Educational document"|"BRG Handling VDO of SRB Mounting / Dismounting by Withdrawal sleeve"||0
APTX25230|CZT-25037409|M.Supaporn||S.Ushimaru|2025-08-06|2025-08-13|2025-08-22|2025-08-27||||L-NSK|"THAI ASAHI KASEI SPANDEX"|Mr.Prateep|IND|"V1/V2 (T-Mixer)"|6206||2|Investigation|"Investigation of failed bearings in T-Mixer "||16
APTX25229|CZT-25036507|L.Peerapat||F.Soda|2025-07-30|2025-08-05|2025-08-08|2025-08-08|12.0|8.0|4.0|NBMT|IMCT|Ms.Arisa|HUB|T-HUB2.5|48KWH02By2U42+X2|NBMT|2|Investigation|"Investigation Report of RG01 Front Wheel Bearing from Kuwait"||9
APTX25228||F.Soda|T.Theera|F.Soda|2025-08-01||||||||||||||||||
APTX25227||T.Miyazawa|||2025-07-31|2025-08-01|2025-08-01|2025-08-01|3.0|1.0|1.0|NBMT|Aisin|Mr.Watanabe|Powertrain|AT|6207ZC3**|NBMT|1|"Tech report"|"DRBFM for cage localization for 6207"|"AISIN, AT, B-623, 6207, cage, Toho"|1
APTX25226|CZT-25034002|E.Krittimet|M.Supaporn|S.Ushimaru|2025-07-31|2025-08-05|2025-08-08|2025-08-08||||A-NSK|ANCA|"Mr.Angelo Theodoropoulos"|IND|"CNC tools and cutter grinding machine"|"7011CSN24TYNDUELP4YUG1 NB5L"|"FUJISAWA SMALL"|4|Investigation|"Investigation of bearings in MX Ultra machine that did not pass the quality tests"||8
APTX25225|CZT-25034098|L.Peerapat||F.Soda|2025-07-21|2025-07-25|2025-07-25|2025-07-25|8.0|8.0|2.0|NBMT|IMCT|Ms.Arisa|HUB|T-HUB2.5|48KWH02By2U42+X2|NBMT|2|Investigation|"Investigation Report of RJ05 Front Wheel Hub Bearing from Kuwait"||4
APTX25224|CZT-25000227|D.Setthawut|L.Pawet|T.Miyazawa|2025-07-21|2025-07-21|2025-07-23|2025-07-23||||T-NSK|Mitsubishi|Mr.Hayasaka|Powertrain|"Clutch release bearing"|50TKZ3301QRA1|ISHIBE|2|Testing|"Evaluation test Clutch Release No.50TKZ3301GRA_Supplier change."||2
APTX25223|RAO-A2408498|D.Setthawut||T.Miyazawa|2025-07-21|2025-07-21|2025-07-21|2025-07-21||||NBMT|ฺBYD|Mr.Watanabe|Powertrain|Transmission|6006C3|NBMT|4|Testing|"[Internal] Test result_Durability_BYD_FUDI_6006_DM4"||0
APTX25222|CZT-25034434|T.Theera||F.Soda|2025-07-21|2025-07-25|2025-07-31|2025-07-31|10.0|5.0||NBMT|TMT|Ms.Methira|HUB|HUB3|62BWKH32S|NBMT|1|Investigation|"Investigation Report of Front Wheel Hub Bearing from Oman 62BWKH32S (1pc.) FTR"||10
APTX25221|CZT-25033997|C.Aunchittha||T.Miyazawa|2025-07-20|2025-08-01|2025-08-06|2025-08-06|4.0|2.2||NBMT|AIAP|Ms.Methira|Powertrain|"Water pump"|RWF42-154aR6R8|NBMT|1|Investigation|"Investigation WP Noise Bearing No. RWF42-154 (143) AIAP (1pc.)"||17
APTX25220|CZT-25033994|C.Aunchittha||T.Miyazawa|2025-07-20|2025-08-01|2025-08-06|2025-08-06|4.0|2.2||NBMT|AIAP|Ms.Methira|Powertrain|"Water pump"|RWF42-124HR6R8|NBMT|1|Investigation|"Investigation WP Noise Bearing No. RWF42-124 (178) AIAP (1pc.)"||17
APTX25219|CZT-25033996|C.Aunchittha||T.Miyazawa|2025-07-21|2025-07-31|2025-08-01|2025-08-01|2.6|2.9||NBMT|AIAP|Ms.Methira|Powertrain|"Water pump"|BWFS30-82X|NBMT|1|Investigation|"Investigation WP Leak Bearing No. BWFS30-82X (175) AIAP (1pc.)"||11
APTX25218|CZT-25033974|C.Aunchittha||T.Miyazawa|2025-07-21|2025-07-30|2025-08-01|2025-08-01|2.6|0.8||NBMT|AIAP|Ms.Methira|Powertrain|"Water pump"|BWFS30-82X|NBMT|1|Investigation|"Investigation WP Leak Bearing No. BWFS30-82X (176) AIAP (1pc.)"||11
APTX25217|CZT-25033974|C.Aunchittha||T.Miyazawa|2025-07-21|2025-07-30|2025-08-01|2025-08-01|2.6|1.2||NBMT|AIAP|Ms.Methira|Powertrain|"Water pump"|BWFS30-82X|NBMT|1|Investigation|"Investigation WP Noise Bearing No. BWFS30-82X (174) AIAP (1pc.)"||11
APTX25216|CZT-25033974|C.Aunchittha||T.Miyazawa|2025-07-21|2025-07-30|2025-08-01|2025-08-01|2.4|1.0||NBMT|AIAP|Ms.Methira|Powertrain|"Water pump"|BWFS30-82X|NBMT|1|Investigation|"Investigation WP Leak Bearing No. BWFS30-82X (163) AIAP (1pc.)"||11
APTX25215|CZT-25033974|C.Aunchittha||T.Miyazawa|2025-07-21|2025-07-30|2025-08-01|2025-08-01|2.4|0.9||NBMT|AIAP|Ms.Methira|Powertrain|"Water pump"|BWFS30-82X|NBMT|1|Investigation|"Investigation WP Leak Bearing No. BWFS30-82X (162) AIAP (1pc.)"||11
APTX25214|CZT-25033974|C.Aunchittha||T.Miyazawa|2025-07-21|2025-07-30|2025-08-01|2025-08-01|2.4|1.0||NBMT|AIAP|Ms.Methira|Powertrain|"Water pump"|BWFS30-82X|NBMT|1|Investigation|"Investigation WP Leak Bearing No. BWFS30-82X (145) AIAP (1pc.)"||11
APTX25213|CZT-25033974|C.Aunchittha||T.Miyazawa|2025-07-21|2025-07-30|2025-08-01|2025-08-01|2.4|0.9||NBMT|AIAP|Ms.Methira|Powertrain|"Water pump"|BWFS30-82X|NBMT|1|Investigation|"Investigation WP Leak Bearing No. BWFS30-82X (144) AIAP (1pc.)"||11
APTX25212|CZT-25033974|C.Aunchittha||T.Miyazawa|2025-07-21|2025-07-30|2025-08-01|2025-08-01|2.4|0.9||NBMT|AIAP|Ms.Methira|Powertrain|"Water pump"|BWFS30-82X|NBMT|1|Investigation|"Investigation WP Leak Bearing No. BWFS30-82X (128) AIAP (1pc.)"||11
APTX25211|CZT-25034087|C.Aunchittha||T.Miyazawa|2025-07-17|2025-07-22|2025-07-25|2025-07-25|10.5|5.6||NBMT|BYD|Ms.Arisa|Powertrain|Transmission|HR6307QTF24UR3|NBMT|1|Investigation|"Investigation Unsmooth (stuck and very stiff) Transmission bearing No.HR6307 from BYD (1pc.)"||8
APTX25210|CZT-25034098|L.Peerapat||F.Soda|2025-07-17|2025-07-17|2025-07-17|2025-07-17|2.0|6.0|2.0|NBMT|IMCT|Ms.Arisa|HUB|T-HUB2.5|48KWH02By2U42+X2|NBMT|2|Investigation|"Preliminary Investigation Report of RJ05 Front Wheel Hub Bearing from Kuwait"||0
APTX25209|Email|T.Miyazawa|||2025-07-16|2025-07-16|2025-07-16|2025-07-17|10.0|1.0|1.0|JK-NSK|Aisin|Mr.Edwin|Powertrain|W/P|BWFS,RWFS|NBMT||"Tech report"|"Proposal for changing anti-rust oil due to discontinuation
of ENEOS barium(Ba)-based rust-preventive oil production
"|"Anti-rust. WP, Aisin, P-1310, NP-S, "|0
APTX25208|CZT-25032091|C.Aunchittha||T.Miyazawa|2025-07-16|2025-07-21|2025-07-25|2025-07-25|7.5|2.0||NBMT|Bando|Ms.Methira|Powertrain|"Tensioner pulley"|65SPF0329|NBMT|1|Investigation|"Investigation TP Noise Bearing No.65SPF0329 Bando (1pc.)"||9
APTX25207|CZT-25030940|T.Theera||F.Soda|2025-07-14|2025-07-15|2025-07-18|2025-07-18|12.0|4.0||NBMT|TMT|Ms.Methira|HUB|HUB3|58BWKH37E|NBMT|4|Warranty|"Investigation Report of Front Wheel Hub Bearing from Thailand 58BWKH37E (4pcs.)"||4
APTX25206|CZT-25031664|S.Nuttapon||F.Soda|2025-07-14|2025-07-16|2025-07-17|2025-07-17|8.0|2.0||JK-NSK|HPM|"Mr.Edwin Saleh"|HUB|HUB1|38BWD27R|NBMI|1|Warranty|"Investigation Report of Returned Front Wheel Bearing from Indonesia - 38BWD27R (1pc)"||3
APTX25205|CZT-25030224|M.Supaporn||S.Ushimaru|2025-07-03|2025-07-25|2025-10-01|2025-07-25||||L-NSK|G-Steel|Mr.Prateep|IND|"Upper Sheave"|RS-5036NRS5||2|Investigation|"Investigation of failed bearing in upper sheave of overhead crane"||90
APTX25204|CZT-25031659|S.Nattiwat||F.Soda|2025-07-14|2025-07-15|2025-07-17|2025-07-17||||JK-NSK|TMMIN|"Mr.Edwin Saleh"|HUB|T-HUB1|43KWD07AU42|NBMT|1|Warranty|||3
APTX25203|-|M.Supaporn||S.Ushimaru|2025-07-04|2025-07-14|2025-07-18|2025-07-18||||L-NSK|"G Steel"|Mr.Prateep|IND|"Backup roll "|STF390KV5101E2GBS3CG90U2|"FUJISAWA GIANT"|1|On-site|"Investigation of Work Roll Bearing for Hot Strip Mill"||14
APTX25202|CZT-25031669|H.Supaporn||T.Miyazawa|2025-07-08|2025-07-18|2025-07-21|2025-07-22||||JK-NSK|"PT Daihatsu Drivetrain Manufacturing Indonesia"|"Mr.Edwin Saleh"|Powertrain|"Transmission Bearing"|"HTFB73Z-1-G-5CG-01LB J"|NBMT|1|Investigation|||13
APTX25201|CZT-25031919|E.Krittimet||S.Ushimaru|2025-07-08|2025-07-09|2025-07-16|2025-07-18||||L-NSK|"Thai Toray"|Mr.Prateep|IND|"Gear reducer SE-150, SE-180-Y"|"29464M, 6252M, 22326CAME4S11, 22326CAME4C3S11, 23226CAME4S11"||1|Investigation|"Request an investigation of the contaminated sample to determine whether the debris originates from a bearing component
and make report."||8
APTX25200|CZT-25030302|H.Supaporn||T.Miyazawa|2025-07-07|2025-07-17|2025-07-18|2025-07-18||||JK-NSK|"PT.Honda Precision Parts Manufacturing"|"Mr.Edwin Saleh"|Powertrain|"Transmission Bearing"|"B29-18CG16**SB*-01LBW 6"|NBMT|1|Investigation|||11
APTX25199|CZT-25031182|C.Aunchittha||T.Miyazawa|2025-07-07|2025-07-16|2025-07-23|2025-07-23|2.9|1.6||NBMT|Bando|Ms.Methira|Powertrain|"Tensioner pulley"|70SPF03112|NBMT|1|Investigation|"Investigation TP Noise Bearing No.70SPF03112 Bando (1pc.)"||16
APTX25198|CZT-25030591|C.Aunchittha||T.Miyazawa|2025-07-07|2025-07-14|2025-07-23|2025-07-23|5.0|2.1||NBMT|Bando|Ms.Methira|Powertrain|"Tensioner pulley"|70SPF03112|NBMT|2|Investigation|"Investigation TP Noise Bearing No.70SPF03112 Bando (2pcs.)"||16
APTX25197|-|M.Arisara||S.Ushimaru|2025-07-03|2025-07-03|2025-07-03|2025-07-04||||L-NSK|NS-SUS|Ms.Laddawan|IND|-|-||1|Other|"Seminar schedule and content for NS-SUS"||0
APTX25196|CZT-25026286|D.Setthawut|L.Pawet|T.Ikeda|2025-07-01|2025-07-02|2025-07-04|2025-07-04||||NBMT|"Thai NOK"|Ms.Arisa|Powertrain|"Center bearing"|62/32|NBMT|2|Testing|"Evaluation test for support Thai NOK_62-32 seal deform"||3
APTX25195|CZT-25030952|C.Aunchittha||T.Miyazawa|2025-07-01|2025-07-03|2025-07-14|2025-07-14|5.7|2.0||NBMT|Valeo|Ms.Nutcha|Powertrain|MCB|32BD4718|OOTSU|1|Investigation|"Investigation MCB Noise Bearing No.32BD4718DDUK from Valeo (1pc.)"||13
APTX25194||S.Ushimaru||T.Ikeda|2025-06-23|2025-06-23|2025-06-23|2025-06-23||||"CAD IGT"|[IRTD]||IND|||||Training|"Minutes of [IRTD]CRB temporary drafting license"||0
APTX25193|CZT-25027073|T.Theera||F.Soda|2025-06-19|2025-06-26|2025-06-26|2025-06-30|2.0|6.0||JK-NSK|TMMIN|"Mr.Edwin Saleh"|HUB|HUB1|43KWD07A|NBMT|2|Warranty|"Evidence for Reject Investigate Bearing from Indonesia (43KWD07A 2pcs.)"||7
APTX25192|CZT-25027445|S.Muntana||S.Ushimaru|2025-06-18|2025-06-27|2025-07-02|2025-07-21||||L-NSK|"Toshiba Semiconductor (Thailand) Co., Ltd."|Mr.Prateep|Precision|"Transfer robot arm vertica"|"MLFC18 + 109 [IKO]"||1||"Investigation of failed competitor linear guide"|"Returned to customer"|14
APTX25191|CZT-25027073|T.Theera||F.Soda|2025-06-18|2025-06-20|2025-06-26|2025-06-30|11.0|8.0||JK-NSK|TMMIN|"Mr.Edwin Saleh"|HUB|HUB1|43KWD07A|NBMT|1|Warranty|"Investigation Report of IMV Front Wheel Hub Bearing from Indonesia - 43KWD07A (1pc)"||8
APTX25190|CZT-25028334|M.Supaporn||S.Ushimaru|2025-06-16|2025-06-25|2025-06-26|2025-06-27||||L-NSK|"Thai Honda"|Mr.Prateep|IND||"6202 BH 6"||2|Investigation|"Investigation report of motorcycle due to customer test finished for bearing No.6205 BH 6 from Thai Honda (2pcs.)"|"Returned to customer"|10
APTX25189|CZT-25025806|S.Muntana||S.Ushimaru|2025-06-06|2025-06-13|2025-06-18|2025-06-23||||L-NSK|"AISIN THAI AUTOMOTIVE"|Ms.Nisarat|Precision|"Machining Center (Axis: X500)"|"SBN2512 [THK]"||1|Investigation|"Investigation of ball screw shaft end fracture in drilling machine"|"Return to customer"|12
APTX25188|-|M.Arisara|S.Ushimaru|T.Ikeda|2025-06-11|2025-06-20|2025-06-20|2025-06-20||||A/J|-|"Mr.Shinichi Inoue"|General|-|-||1|Other|"9_APTX25188_Activity FY2025 1Q_AJ"||9
APTX25187|-|M.Arisara|S.Ushimaru|T.Ikeda|2025-06-11|2025-06-20|2025-06-20|2025-06-20||||VN-NSK|-|"Mr.Tomoharu Kawamoto"|General|-|-||1|Other|"8_APTX25187_Activity FY2025 1Q_VN-NSK"||9
APTX25186|-|M.Arisara|S.Ushimaru|T.Ikeda|2025-06-11|2025-06-20|2025-06-20|2025-06-20||||Q-NSK|-|"Mr.Makoto Nakano"|General|-|-||1|Other|"7_APTX25186_Activity FY2025 1Q_Q-NSK"||9
APTX25185|-|M.Arisara|S.Ushimaru|T.Ikeda|2025-06-11|2025-06-20|2025-06-20|2025-06-20||||NBI|-|"Mr.Taro Nagai"|General|-|-||1|Other|"6_APTX25185_Activity FY2025 1Q_NBI"||9
APTX25184|-|M.Arisara|S.Ushimaru|T.Ikeda|2025-06-11|2025-06-20|2025-06-20|2025-06-20||||NIS|-|"Mr.Takayuki Shimada"|General|-|-||1|Other|"5_APTX25184_Activity FY2025 1Q_NIS"||9
APTX25183|-|M.Arisara|S.Ushimaru|T.Ikeda|2025-06-11|2025-06-20|2025-06-20|2025-06-20||||JK-NSK|-|"Mr.Daisuke Endo"|General|-|-||1|Other|"4_APTX25183_Activity FY2025 1Q_JK-NSK"||9
APTX25182|-|M.Arisara|S.Ushimaru|T.Ikeda|2025-06-11|2025-06-20|2025-06-20|2025-06-20||||A-NSK|-|"Mr.Bradley Neck"|General|-|-||1|Other|"3_APTX25182_Activity FY2025 1Q_A-NSK"||9
APTX25181|-|M.Arisara|S.Ushimaru|T.Ikeda|2025-06-11|2025-06-20|2025-06-20|2025-06-20||||L-NSK|-|"Mr.Sangchai Apirammeta"|General|-|-||1|Other|"2_APTX25181_Activity FY2025 1Q_L-NSK"||9
APTX25180|-|M.Arisara|S.Ushimaru|T.Ikeda|2025-06-11|2025-06-20|2025-06-20|2025-06-20||||NBMT|-|"Mr.Mitsunori Satou"|General|-|-||1|Other|"1_APTX25180_Activity FY2025 1Q_NBMT"||9
APTX25179|CZT-25026393|M.Supaporn||S.Ushimaru|2025-06-11|2025-06-13|2025-06-18|2025-06-30||||L-NSK|"HONDA AUTOMOBILE (THAILAND) "|Mr.Prateep|IND|"Drilling spindle"|"5S-2LA-HSE914AT6DTBT [NTN]"||4|Investigation|"Investigation of spindle run-out over standard and noise problem in horizontal machine center [NTN BRG]"|"Return to customer"|7
APTX25178|CZT-25025115|H.Supaporn||T.Miyazawa|2025-06-11|2025-06-20|2025-06-23|2025-06-23||||JK-NSK|"PT.Akashi Wahana Indonesia"|"Mr.Edwin Saleh"|Powertrain|"Clutch Release "|"44TKZ2801J1 ENSSJ"|ISHIBE|1|Investigation|||12
APTX25177|CZT-25025152|C.Aunchittha||T.Miyazawa|2025-06-09|2025-06-17|2025-06-25|2025-06-25|6.5|1.9||NBMT|Bando|Ms.Methira|Powertrain|"Tensioner pulley"|65SPF0329|NBMT|2|Investigation|"Investigation TP Noise Bearing No.65SPF0329 Bando (2pcs.)"||16
APTX25176|CZT-25024873|C.Aunchittha||T.Miyazawa|2025-06-09|2025-06-17|2025-06-20|2025-06-20|8.8|2.8||NBMT|Bando|Ms.Methira|Powertrain|"Tensioner pulley"|70SPF03112|NBMT|3|Investigation|"Investigation TP Noise Bearing No.70SPF03112 Bando (3pcs.)"||11
APTX25175|CZT-25023115|C.Aunchittha||T.Miyazawa|2025-06-09|2025-06-13|2025-06-19|2025-06-19|3.0|1.5||NBMT|Bando|Ms.Methira|Powertrain|"Tensioner pulley"|70SPF03112|NBMT|1|Investigation|"Investigation TP Noise Bearing No.70SPF03112 Bando (1pc.)"||10
APTX25174||S.Ushimaru||T.Ikeda|2025-06-06|2025-06-06|2025-06-20|2025-06-20||||T-NSK|IRTD|"Mr.Yutaka Kanda"|General|||||Other|"Activity FY2025 1Q CAD IRTD"||14
APTX25173|-|C.Pastraporn||F.Soda|2025-06-05|2025-06-05|2025-06-05|2025-06-06||4.0|1.0|T-NSK|F-TECH|Mr.Doshida|HUB|S/B|6206||60|"Tech report"|"Quotation for 6206 regions."||0
APTX25172|CZT-25025857|M.Supaporn||S.Ushimaru|2025-06-05|2025-06-06|2025-06-09|2025-06-30||||L-NSK|"Unithai Shipyard and engineering"|Mr.Prateep|IND||"NU322UAMRCCE (CG-94)"||1|Benchmark|"Benchmark of fake bearing No. NU322UAMRCCE (CG-94)"|"Return to customer"|4
APTX25171|CZT-25023731|S.Nuttapon||F.Soda|2025-05-28|2025-06-02|2025-06-16|2025-06-16|16.0|4.0||NBMT|TMT|Ms.Methira|HUB|"HUB III"|58BWKH37|NBMT|3|Warranty|"Investigation Report of Front Wheel Hub Bearing from Thailand 58BWKH37E (3pcs.)"||19
APTX25170|CZT-25023731|T.Theera||F.Soda|2025-05-28|2025-06-02|2025-06-17|2025-06-16|18.0|4.0||NBMT|TMT|Ms.Methira|HUB|HUB3|58BWKH37E|NBMT|4|Warranty|"Investigation Report of Front Wheel Hub Bearing from Thailand 58BWKH37E (4pcs.)"||20
APTX25169|-|M.Arisara||S.Ushimaru|2025-05-29|2025-05-29|2025-05-29|2025-05-30||||AIBU|-||IND|-|-|||Other|"NSK Bearing seminar List & Content for customer selection"||0
APTX25168||C.Aunchittha||T.Miyazawa|2025-05-29|2025-05-29|2025-05-29|2025-05-30|10.1|||NBMT|ฺBYD|Mr.Watanabe|Powertrain|Transmission|HR32009XJU588|H/F|2|Investigation|"Investigation Result of 13154229-00 (NSK Bearing No.HR32009XJ)"||0
APTX25167|CZT-25021861|C.Aunchittha||T.Miyazawa|2025-05-29|2025-06-02|2025-06-06|2025-06-06|2.5|1.1||NBMT|AIAP|Ms.Methira|Powertrain|"Water pump"|BWFS30-82X|NBMT|1|Investigation|"Investigation WP Leak Bearing No. BWFS30-82X (119) AIAP (1pc.)"||8
APTX25166|CZT-25021861|C.Aunchittha||T.Miyazawa|2025-05-29|2025-06-02|2025-06-06|2025-06-06|2.5|1.1||NBMT|AIAP|Ms.Methira|Powertrain|"Water pump"|BWFS30-82X|NBMT|1|Investigation|"Investigation WP Leak Bearing No. BWFS30-82X (118) AIAP (1pc.)"||8
APTX25165|CZT-25021861|C.Aunchittha||T.Miyazawa|2025-05-29|2025-06-02|2025-06-06|2025-06-06|2.5|1.1||NBMT|AIAP|Ms.Methira|Powertrain|"Water pump"|BWFS30-82X|NBMT|1|Investigation|"Investigation WP Noise Bearing No. BWFS30-82X (117) AIAP (1pc.)"||8
APTX25164|CZT-25025145|H.Supaporn||T.Miyazawa|2025-05-26|2025-06-06|2025-06-09|2025-06-09||||NBMT|BYD|Ms.Arisa|Powertrain|"Transmission Bearing"|HTF6207|NBMT|1|Investigation|||14
APTX25163|CZT-25020142|S.Nattiwat||F.Soda|2025-05-23|2025-05-26|2025-05-26|2025-05-26||||JK-NSK|TMMIN|"Mr.Edwin Saleh"|HUB|T-HUB1|43KWD07AU42|NBMT|1|Warranty|"Investigation Report of IMV Front Wheel Hub Bearing from Indonesia 43KWD07A (1Pc)"||3
APTX25162|CZT-25022246|S.Nattiwat||F.Soda|2025-05-23|2025-05-26|2025-05-26|2025-05-26||||JK-NSK|TMMIN|"Mr.Edwin Saleh"|HUB|T-HUB1|43KWD07AU42|NBMT|2|Warranty|"Investigation Report of IMV Front Wheel Hub Bearing from Indonesia 43KWD07A"||3
APTX25161|CZT-25022105|H.Supaporn||T.Miyazawa|2025-05-22|2025-06-05|2025-06-06|2025-06-06||||JK-NSK|"PT. Honda Precision Parts Manufacturing"|"Mr.Edwin Saleh"|Powertrain|"Transmission Bearing"|"HTFB40-222g5CG19 SAUR4"|NBMT|1|Investigation|||15
APTX25160||S.Ushimaru||T.Ikeda|2025-05-20|2025-05-20|2025-05-20|2025-05-20|||||"A.C.T. Technical Service(Thailand)Co.,Ltd."|||||||"Tech report"|"Sound Check in APTC for A.C.T. Technical Service(Thailand)Co.,Ltd."||0
APTX25159|CZT-25021939|C.Aunchittha||T.Miyazawa|2025-05-19|2025-05-28|2025-05-30|2025-05-30|3.3|1.7||NBMT|AIAP|Ms.Methira|Powertrain|"Water pump"|RWF42-154||1|Investigation|"Investigation WP Noise Bearing No. RWF42-154 (114) AIAP (1pc.)"||11
APTX25158|CZT-25021939|C.Aunchittha||T.Miyazawa|2025-05-19|2025-05-28|2025-05-30|2025-05-30|3.0|1.7||NBMT|AIAP|Ms.Methira|Powertrain|"Water pump"|RWF42-154||1|Investigation|"Investigation WP Noise Bearing No. RWF42-154 (096) AIAP (1pc.)"||11
APTX25157|CZT-25021861|C.Aunchittha||T.Miyazawa|2025-05-19|2025-05-28|2025-05-30|2025-05-30|2.9|1.1||NBMT|AIAP|Ms.Methira|Powertrain|"Water pump"|BWFS30-82X|NBMT|1|Investigation|"Investigation WP Leak Bearing No. BWFS30-82X (116) AIAP (1pc.)"||11
APTX25156|CZT-25021861|C.Aunchittha||T.Miyazawa|2025-05-19|2025-05-28|2025-05-30|2025-05-30|2.9|1.1||NBMT|AIAP|Ms.Methira|Powertrain|"Water pump"|BWFS30-82X|NBMT|1|Investigation|"Investigation WP Leak Bearing No. BWFS30-82X (115) AIAP (1pc.)"||11
APTX25155|CZT-25021861|C.Aunchittha||T.Miyazawa|2025-05-19|2025-05-28|2025-05-30|2025-05-30|2.9|1.3||NBMT|AIAP|Ms.Methira|Powertrain|"Water pump"|BWFS30-82X|NBMT|1|Investigation|"Investigation WP Leak Bearing No. BWFS30-82X (113) AIAP (1pc.)"||11
APTX25154|CZT-25021861|C.Aunchittha||T.Miyazawa|2025-05-19|2025-05-28|2025-05-30|2025-05-30|2.9|1.3||NBMT|AIAP|Ms.Methira|Powertrain|"Water pump"|BWFS30-82X|NBMT|1|Investigation|"Investigation WP Leak Bearing No. BWFS30-82X (097) AIAP (1pc.)"||11
APTX25153|CZT-25021094|H.Supaporn||T.Miyazawa|2025-05-19|2025-05-26|2025-05-30|2025-05-30||||L-NSK|"Triumph Motorcycles (Thailand) Limited"|Ms.Aunchana|Motorcycle|Motorcycle|6805C3**|ISHIBE|1|Investigation|||11
APTX25152|CZT-25021679|S.Nuttapon||F.Soda|2025-05-16|2025-05-20|2025-05-22|2025-05-23|10.0|4.0||NBMT|TMT|Ms.Methira|HUB|"HUB III"|62BWKH32|NBMT|1|Warranty|"Investigation Report of Front Wheel Hub Bearing from United Arab Emirates - 62BWKH32 (1pc)"||6
APTX25151|CZT-25019621|M.Supaporn||S.Ushimaru|2025-05-14||2025-05-27|||||L-NSK|Siamkraft|Mr.Ingkarat|IND|"Low Vacuum blower"|6312C3||2|Investigation|"Investigation of failed bearing in low vacuum blower"||13
APTX25150|CZT-25010679|D.Setthawut|H.Supaporn|T.Miyazawa|2025-05-15|2025-07-02|2025-07-04|2025-07-04||||L-NSK|"Triumph Motorcycles (Thailand) Limited"|Ms.Aunchana|Powertrain|Motorcycle|6205,6204,6004,6001|A/J|8|Localization|"Evaluation test result for plant transfer AJ]_KS_HF_Triumph_6001_6004_6204_6005"||50
APTX25149|CZT-25020831|L.Pawet|C.Aunchittha|T.Miyazawa|2025-05-08|2025-06-13|2025-06-30|2025-06-30|5.7|8.5||NBMT|AIAP|Mr.Jakkrit|Powertrain|"Water pump"|BWFS30-82X-A-R1-01LBC|NBMT|4|"Localization test"|"Negative 100hrs. (4pcs.)"||53
APTX25148|CZT-25020831|L.Pawet|C.Aunchittha|T.Miyazawa|2025-05-13|2025-06-26|2025-06-30|2025-06-30|6.5|5.1||NBMT|AIAP|Mr.Jakkrit|Powertrain|"Water pump"|BWFS30-82X-A-R1-01LBC|NBMT|4|"Localization test"|"High speed 300hrs. (4pcs.)"||48
APTX25147|CZT-25020817|L.Pawet|C.Aunchittha|T.Miyazawa|2025-05-08|2025-07-09|2025-07-09|2025-07-09|4.0|1.4||NBMT|"Kubota Iron Works"|Mr.Jakkrit|Powertrain|"Water pump"|RWFS30-48-A-R10R22LBX|NBMT|4|"Localization test"|"High speed 1000 hrs. (4pcs.) refer to APTX25146"||62
APTX25146|CZT-25020817|L.Pawet|C.Aunchittha|T.Miyazawa|2025-05-08|2025-07-07|2025-07-09|2025-07-09|7.3|2.6||NBMT|"YAMADA SOMBOON CO., LTD."|Mr.Jakkrit|Powertrain|"Water pump"|RWFS30-48-A-R10R22LBX|NBMT|4|"Localization test"|"High speed 1000hrs. (4pcs.)"||62
APTX25145|CZT-25020395|S.Nuttapon||F.Soda|2025-05-07|2025-05-13|2025-05-19|2025-05-19|0.5|0.5||NBMT|TMMIN|"Mr.Edwin Saleh"|HUB|HUB1|43KWD07|NBMT|1|Warranty|"Evidence for Reject Investigate Bearing from Indonesia - 43KWD07A"||12
APTX25144|CZT-25020142|S.Nuttapon||F.Soda|2025-05-07|2025-05-13|2025-05-19|2025-05-26|16.0|4.0||NBMT|TMMIN|"Mr.Edwin Saleh"|HUB|HUB1|43KWD07|NBMT|1|Warranty|"Investigation Report of IMV Front Wheel Hub Bearing from Indonesia - 43KWD07"||12
APTX25143|CZT-25019608|S.Nuttapon||F.Soda|2025-05-07|2025-05-13|2025-05-19|2025-05-19|16.0|4.0||NBMT|TMMIN|"Mr.Edwin Saleh"|HUB|HUB1|43KWD07|NBMT|1|Warranty|"Investigation Report of IMV Front Wheel Hub Bearing from Indonesia - 43KWD07"||12
APTX25142|CZT-25019609|H.Supaporn||T.Miyazawa|2025-05-08|2025-05-16|2025-05-19|2025-05-20||||JK-NSK|DDMI|"Mr.Edwin Saleh"|Powertrain|"Transmission Bearing"|"HTFB73Z-1-G-5CG-01LB J"|NBMT|1|Investigation|||11
APTX25141|CZT-25019643|T.Theera||F.Soda|2025-05-05|2025-05-07|2025-05-08|2025-05-09|8.0|2.0||NBMT|FMC|Ms.Nutcha|HUB|HUB1|47KWD04|NBMT|1|Investigation|"Investigation Results of Returned Front Wheel Bearing from Thailand (47KWD04 1pc.) ABS"||3
APTX25140|CZT-25019522|M.Supaporn||S.Ushimaru|2025-05-05|2025-05-09|2025-05-14|2025-05-13||||L-NSK|"PHI INTEGRATION "|Mr.Prateep|IND|"Transfer HDD"|"686-H-DDMC3*MAZ P NS7L 2"||5|Investigation|"Investigation of abnormal grease leakage and grease strain on seal"||9
APTX25139|CZT-25019625|S.Nattiwat||F.Soda|2025-05-02|2025-05-05|2025-05-05|2025-05-07||||NBMT|ITA||HUB|HUB2.5|48KWH01A+X2|NBMT||"Approval / customer spec Test"|"PROTOTYPE PRODUCTION SPECIFICATION HUB 2.5 (48KWH01A) for mixed material (not test)"||3
APTX25138|CZT-25019364|S.Muntana||S.Ushimaru|2025-04-30|2025-05-09|2025-05-21|2025-05-20||||L-NSK|Pioneer|Mr.Prateep|IND|Motor|"6004DDU BH NS7S6"|H/F|2|Investigation|"Investigation of noise motor bearing_Pioneer"||21
APTX25137||S.Ushimaru||T.Ikeda|2025-04-30|2025-05-06|2025-05-06|2025-05-06||||"CAD IGT"|||IND|||||"Tech report"|"[APTC]CAD Task: FY24 Result and FY25 Targets"||6
APTX25136|CZT-25013322|S.Muntana||S.Ushimaru|2025-04-30|2025-04-30|2025-05-02|2025-05-02||||VN-NSK|"Posco Yamato"|Mr.Quang|IND|"Vertical roll"|32248|"FUJISAWA GIANT"|1|Investigation|"Hardness and microstructure of vertical roll of hot rolling mill bearing"||2
APTX25135|CZT-25016238|C.Aunchittha||T.Miyazawa|2025-04-28|2025-05-07|2025-05-16|2025-05-16|11.2|2.5||NBMT|Bando|Ms.Methira|Powertrain|"Tensioner pulley"|65SPF0329||1|Investigation|"Investigation TP Noise Bearing No.65SPF0329 Bando (1pc.)"||18
APTX25134|CZT-25019602|E.Krittimet||S.Ushimaru|2025-04-25|2025-05-05|2025-05-07|2025-05-05||||L-NSK|Nidec|Mr.Prateep|IND|"Fan motor"|"608A15T1XGZZ1MC3ERU6U227 J2 NSCL"|A/J|2|Investigation|"Investigation of noise motor bearing from market claim in air conditioner (Outdoor)"||12
APTX25133|CZT-25018325|E.Krittimet||S.Ushimaru|2025-04-25|2025-05-09|2025-05-16|2025-05-15||||L-NSK|Mitsubishi|Mr.Ingkarat|IND|"Spindle motor od grinding machine"|"6205ZZCMR EAMS6"|OOTSU|2|Investigation|"The end user purchased a motor to assemble with their machinery and found abnormal noise after operated 7-10 month"||21
APTX25132|CZT-25018325|E.Krittimet||S.Ushimaru|2025-04-25|2025-05-15|2025-05-21|2025-05-19||||L-NSK|Mitsubishi|Mr.Ingkarat|IND|"Spindle motor od grinding machine"|"6205ZZCMR EAMS6"|OOTSU|6|Investigation|"The end user purchased a motor to assemble with their machinery and found abnormal noise after operated 7-10 month"||26
APTX25131|CZT-25017644|M.Supaporn||S.Ushimaru|2025-04-23|2025-05-02|2025-05-08|2025-05-16||||L-NSK|"THAI ASAHI KASEI SPANDEX"|Mr.Prateep|IND|V1/V2|"6206ZZCM [NTN]"||2|Investigation|"Investigation of failed bearing in T-Mixer "||15
APTX25130|CZT-25013208|S.Nuttapon||F.Soda|2025-04-21|2025-04-25|2025-04-29|2025-05-02|24.0|4.0||NBMT|TMT|Ms.Methira|HUB|"HUB III"|58BWKH37|NBMT|4|Warranty|"Investigation Report of Front Wheel Hub Bearing from Thailand 58BWKH37E (4pcs.) NTF activity"||8
APTX25129|CZT-25016349|M.Supaporn||S.Ushimaru|2025-04-21||2025-05-07|2025-05-02||||L-NSK|"KOSEI ALUMINUM (THAILAND) CO., LTD."|Mr.Prateep|IND|"Pre heating burner control panel"|HR32213J|SAITAMA|1|Investigation|"Investigation of failed bearing in pre-heating burner control panel application"||16
APTX25128|CZT-25015850|S.Nattiwat||F.Soda|2025-04-08|2025-04-09|2025-04-25|2025-04-25||||JK-NSK|TMMIN|"Mr.Edwin Saleh"|HUB|T-HUB1|43KWD07AU42|NBMT|1|Warranty|"Evidence for Reject Investigate Bearing from Indonesia 43KWD07A"||17
APTX25127|CZT-25013323|S.Muntana||S.Ushimaru|2025-04-07|2025-04-10|2025-04-11|2025-04-11||||VN-NSK|"Posco Yamato"|Mr.Quang||"Hot rolling mill"|32248|"FUJISAWA GIANT"|1|Investigation|"Investigation of inner ring fracture on bearing hot rolling mill"||4
APTX25126|CZT-24012760|S.Nattiwat||F.Soda|2025-04-01|2025-04-22|2025-04-24|2025-04-30||||NBI||Mr.Shiraam|HUB|HUB1|48BWD02T|NBMI|2|Testing|"Evaluation Test Report of 31XA FR HUB Bearing for NSK C/N plant VA/VE Weight Reduce (48BWD02T)
"||23
APTX25125|CZT-25014334|S.Nuttapon||F.Soda|2025-04-02|2025-04-08|2025-04-09|2025-04-11|16.0|4.0||NBMT|TMT|Ms.Methira|HUB|"HUB III"|59BWKHS10|NBMT|1|Warranty|"Investigation Report of Front Wheel Hub Bearing from Philippines - 59BWKHS10"||7
APTX25124|CZT-25015190|C.Aunchittha||T.Miyazawa|2025-04-07|2025-04-22|2025-04-25|2025-04-25|2.5|1.0||NBMT|AIAP|Ms.Methira|Powertrain|"Water pump"|BWFS30-82X||1|Investigation|"Investigation WP Leak Bearing No.BWFS30-82x (#83) from AIAP (1pc.)"||18
APTX25123|CZT-25015190|C.Aunchittha||T.Miyazawa|2025-04-07|2025-04-22|2025-04-25|2025-04-25|2.5|1.0||NBMT|AIAP|Ms.Methira|Powertrain|"Water pump"|BWFS30-82X||1|Investigation|"Investigation WP Leak Bearing No.BWFS30-82x (#82) from AIAP (1pc.)"||18
APTX25122|CZT-25015190|C.Aunchittha||T.Miyazawa|2025-04-07|2025-04-22|2025-04-25|2025-04-25|2.5|1.0||NBMT|AIAP|Ms.Methira|Powertrain|"Water pump"|BWFS30-82X||1|Investigation|"Investigation WP Leak Bearing No.BWFS30-82x (#81) from AIAP (1pc.)"||18
APTX25121|CZT-25015190|C.Aunchittha||T.Miyazawa|2025-04-07|2025-04-25|2025-04-25|2025-04-25|2.5|1.0||NBMT|AIAP|Ms.Methira|Powertrain|"Water pump"|BWFS30-82X||1|Investigation|"Investigation WP Noise Bearing No.BWFS30-82x (#80) from AIAP (1pc.)"||18
APTX25120|CZT-25013943|C.Aunchittha||T.Miyazawa|2025-04-07|2025-04-28|2025-05-02|2025-05-02|9.5|2.0||NBMT|Bando|Ms.Methira|Powertrain|"Tensioner pulley"|70SPF03112||2|Investigation|"Investigation TP Noise Bearing No.70SPF03112 from Bando (2pcs.)"||25
APTX25119||L.Peerapat|L.Peerapat||2025-02-20|2025-04-07|2025-04-22|2025-05-02|48.0|48.0||||Ms.Arisa|HUB|HUB3|65BWKH19y5|NBMT|1|"Testing (Schedule)"|"Evaluation Test Schedule of 3DAA FR HUB BRG PV Sample"||61
APTX25118|CZT-25015708|H.Supaporn||T.Miyazawa|2025-04-03|2025-04-10|2025-04-11|2025-04-11||||NBMT|ฺBYD|Ms.Arisa|Powertrain|"Transmission Bearing"|"6006C3**BH 6"|H/F|2|Investigation|||8
APTX25117|-|M.Arisara|S.Ushimaru|T.Ikeda|2025-04-01|2025-04-22|2025-04-22|2025-04-23||||T-NSK|F-TEC||General|-|-|||Other|"10 APTX25117_Quotation FY2025 1H_T-NSK _rev0"||21
APTX25116|-|M.Arisara|S.Ushimaru|T.Ikeda|2025-04-01|2025-04-22|2025-04-22|2025-04-23||||A/J|A/J|"Mr.Shinichi Inoue"|General|-|-|||Other|"9 APTX25116_Quotation FY2025 1H_AJ plant_rev0"||21
APTX25115|-|M.Arisara|S.Ushimaru|T.Ikeda|2025-04-01|2025-04-22|2025-04-22|2025-04-23||||VN-NSK|VN-NSK|"Mr.Tomoharu Kawamoto"|General|-|-|||Other|"8 APTX25115_Quotation FY2025 1H_VN-NSK_rev0"||21
APTX25114|-|M.Arisara|S.Ushimaru|T.Ikeda|2025-04-01|2025-04-22|2025-04-22|2025-04-23||||Q-NSK|Q-NSK|"Mr.Makoto Nakano"|General|-|-|||Other|"7 APTX25114_Quotation FY2025 1H_Q-NSK_rev0"||21
APTX25113|-|M.Arisara|S.Ushimaru|T.Ikeda|2025-04-01|2025-04-22|2025-04-22|2025-04-23||||NBI|NBI|"Mr.Taro Nagai"|General|-|-|||Other|"6 APTX25113_Quotation FY2025 1H_NBI_rev0"||21
APTX25112|-|M.Arisara|S.Ushimaru|T.Ikeda|2025-04-01|2025-04-22|2025-04-22|2025-04-23||||NIS|NIS|"Mr.Takayuki Shimada"|General|-|-|||Other|"5 APTX25112_Quotation FY2025 1H_NIS_rev0"||21
APTX25111|-|M.Arisara|S.Ushimaru|T.Ikeda|2025-04-01|2025-04-22|2025-04-22|2025-04-23||||JK-NSK|JK-NSK|"Mr.Daisuke Endo"|General|-|-|||Other|"4 APTX25111_Quotation FY2025 1H_JK-NSK_rev0"||21
APTX25110|-|M.Arisara|S.Ushimaru|T.Ikeda|2025-04-01|2025-04-22|2025-04-22|2025-04-23||||A-NSK|A-NSK|Mr.Bradley|General|-|-|||Other|"3 APTX25110_Quotation FY2025 1H_A-NSK_rev0"||21
APTX25109|-|M.Arisara|S.Ushimaru|T.Ikeda|2025-04-01|2025-04-22|2025-04-22|2025-04-23||||L-NSK|L-NSK|Mr.Sangchai|General|-|-|||Other|"2 APTX25109_Quotation FY2025 1H_L-NSK_rev0"||21
APTX25108|-|M.Arisara|S.Ushimaru|T.Ikeda|2025-04-01|2025-04-22|2025-04-22|2025-04-23||||NBMT|NBMT|Mr.Poopol|General|-|-|||Other|"1 APTX25108_Quotation FY2025 1H_NBMT_rev0"||21
APTX25107|CZT-25015067|M.Supaporn|S.Muntana|S.Ushimaru|2025-04-01||2025-04-10|2025-04-23||||L-NSK|NS-SUS|Mr.Prateep|IND|"Backup roll "|STF690RV9812AGS8CR160P5A*0B|"FUJISAWA GIANT"|1|Investigation|"On-site investigation for bearing failure condition of bottom roll BUR"||9
APTX25106|CZT-25010679|H.Supaporn||T.Miyazawa|2025-04-01|2025-04-09|2025-04-11|2025-04-11||||JK-NSK|"PT. Astra Honda Motor"|Mr.Anus|Motorcycle|Motorcycle|"B35-223-A-2J1CG-02LBX J"|NBMT|1|Investigation|||10
APTX25105|CZT-25013693|C.Aunchittha||T.Miyazawa|2025-04-01|2025-04-09|2025-04-25|2025-04-25|13.5|2.5||NBMT|Bando|Ms.Methira|Powertrain|"Tensioner pulley"|70SPF03112||3|Investigation|"Investigation report of idler due to abnormal noise for bearing No.70SPF03112 from Bando (3pcs.)"||24
APTX25104|CZT-25013691|C.Aunchittha||T.Miyazawa|2025-04-01|2025-04-09|2025-04-25|2025-04-25|12.0|2.5||NBMT|Bando|Ms.Methira|Powertrain|"Tensioner pulley"|70SPF03112||2||"Investigation report of idler due to abnormal noise for bearing No.70SPF03112 from Bando (2pcs.)"||24
APTX25103|CZT-25013659|C.Aunchittha||T.Miyazawa|2025-04-01|2025-04-09|2025-04-24|2025-04-24|5.5|1.0||NBMT|Bando|Ms.Methira|Powertrain|"Tensioner pulley"|70SPF03112||1|Investigation|"Investigation report of idler due to abnormal noise for bearing No.70SPF03112 from Bando (1pc.)"||23
APTX25102|CZT-25011874|S.Nattiwat||F.Soda|2025-03-29|2025-04-08|2025-04-10|2025-04-11||||NBMT|TMT|Ms.Methira|HUB|HUB3|58BWKH37E|NBMT|4|Warranty|"Investigation Report of Front Wheel Hub Bearing from Thailand 58BWKH37E (3pcs) NTF"||12
APTX25101|CZT-25011874|T.Theera||F.Soda|2025-03-29|2025-04-08|2025-04-10|2025-04-11|17.0|3.0||NBMT|TMT|Ms.Methira|HUB|HUB3|58BWKH37E|NBMT|4|Warranty|"Investigation Report of Front Wheel Hub Bearing from Thailand 58BWKH37E (4pcs.) NTF activity"||12
APTX25100|CZT-25011874|S.Nuttapon||F.Soda|2025-03-29|2025-04-09|2025-04-10|2025-04-11|16.0|8.0||NBMT|TMT|Ms.Methira|HUB|HUB3|58BWKH37E|NBMT|4|Warranty|"Investigation Report of Front Wheel Hub Bearing from Thailand - 58BWKH37 (4pcs)"||12
APTX25099|CZT-25014032|M.Supaporn||S.Ushimaru|2025-03-28||2025-04-11|2025-04-11||||L-NSK|"PHI INTEGRATION "|Mr.Prateep|IND|"Transfer HDD"|"686-H-DDMC3*MAZ P NS7L 2"|ISC|2|Investigation|"Investigation of abnormal grease leakage and grease strain on seal"||14
APTX25098|CZT-25013535|E.Krittimet||S.Ushimaru|2025-03-28|2025-04-10|2025-04-23|2025-04-11||||L-NSK|"FASCO (Thailand)"|Mr.Ingkarat|IND|"Laundry motor"|"6203T1XLDDGCE J EA6LQ"|A/J|4|Investigation|"Investigation of abnormal noise bearings not pass noise test in production line"||26
APTX25097||L.Peerapat|||2025-03-25|2025-03-30|2025-03-31|2025-03-31|8.0|||APTC|ITA|Mr.Watanabe|HUB|HUB1|42KWD08|NBMT|4|"Testing (Schedule)"|"Evaluation Test Concerns Discussion for ISUZU RS00 (RG01) Rr T-HUB1 VA/VE (Additional Info)"||6
APTX25096|CZT-25014407|D.Setthawut|L.Pawet|T.Miyazawa|2025-03-26|2025-04-29|2025-04-30|2025-04-30||||NBMT|"Thai NOK"|Ms.Arisa|Powertrain|"Center bearing"|62/32|NBMT|4|"Localization test"|"Evaluation test result_Cage localized_[NBMT] Thai NOK_62-32"||35
APTX25095|CZT-25010888|S.Nuttapon||F.Soda|2025-03-17|2025-03-27|2025-03-31|2025-04-04|32.0|4.0||NBMT|MMTh|Ms.Nutcha||HUB1|40KWD04|NBMT|2|Testing|"Evaluation Test Results of Front Wheel Bearing - Rotating bending endurance test CASE 2 (40KWD04)
"||14
APTX25094||L.Peerapat|||2025-03-07|2025-03-20|2025-03-21|2025-03-21|4.0|12.0||NBMT|ITA|Mr.Watanabe|HUB|HUB1|42KWD08|NBMT|4|"Testing (Schedule)"|"Evaluation Test Concerns Discussion for ISUZU RS00 (RG01) Rr T-HUB1 VA/VE"||14
APTX25093|CZT-25011488|T.Theera|S.Nattiwat|F.Soda|2025-03-20|2025-03-26|2025-03-27|2025-03-27|8.0|4.0||JK-NSK|TMMIN|"Mr.Edwin Saleh"|HUB|HUB1|43KWD07A|NBMT|1|Warranty|"Investigation report of IMV front wheel hub bearing from Indonesia. 43KWD07A (1pc.)"||7
APTX25092|CZT-25011719|H.Supaporn||T.Miyazawa|2025-03-19|2025-03-28|2025-04-02|2025-04-02||||JK-NSK|"PT Daihatsu Drivetrain Manufacturing Indonesia"|"Mr.Edwin Saleh"|Powertrain|"Transmission Bearing"|"HTFB73Z-1-G-5CG-01LB J"|NBMT|1|Investigation|||14
APTX25091|CZT-25011118|S.Nattiwat||F.Soda|2025-03-14|2025-03-18|2025-03-19|2025-03-20||||NBMT|TMT|"Ms.Methira Khamluerit"|HUB|HUB3|59BWKHS10|NBMT|1|Investigation|"Investigation Report of Front Wheel Hub Bearing from Malaysia 59BWKHS10 "||5
APTX25090|CZT-25010640|E.Krittimet|||2025-03-13|2025-03-18|2025-03-21|2025-03-26||||L-NSK|Nidec|Mr.Ingkarat|IND|"Fan motor"|"608A15T1XGZZ1MC3ERU6U227 J2 NSCL5"|A/J|2|Investigation|"Nidec motor recieved market claim bearings. They found abnormal noise and request APTC to find out cause.
Period of use around 4 years"||8
APTX25089|CZT-25007213|L.Peerapat|||2025-02-17|2025-02-26|2025-03-11||16.0|16.0||NBMT|HATC|Mr.Tsuru|HUB|HUB3|65BWKH19y5|NBMT|16|"Tech report"|"Prototype Production Specification Honda 27M PF3 Large Front Wheel HUB 3 for PV Evaluation Test Sample"||22
APTX25088|CZT-25009557|C.Aunchittha||T.Miyazawa|2025-03-10|2025-03-19|2025-03-25|2025-03-31|3.4|0.8||NBMT|Bando|Ms.Methira|Powertrain|"Tensioner pulley"|70SPF03112|NBMT|2|Investigation|"Investigation report of idler due to abnormal noise for bearing No.70SPF03112 from Bando (2pcs.)"||15
APTX25087|CZT-25009810|C.Aunchittha||T.Miyazawa|2025-03-10|2025-03-20|2025-03-21|2025-03-21|3.4|0.9||NBMT|AIAP|Ms.Methira|Powertrain|"Water pump"|BWFS30-82X|NBMT|1|Investigation|"Investigation report of Leak Problem for NR Engine (WP) bearing No.BWFS30-82X (60) from AIAP (1pc.)"||11
APTX25086|CZT-25009810|C.Aunchittha||T.Miyazawa|2025-03-10|2025-03-20|2025-03-21|2025-03-21|3.4|0.9||NBMT|AIAP|Ms.Methira|Powertrain|"Water pump"|BWFS30-82X|NBMT|1|Investigation|"Investigation report of Leak Problem for NR Engine (WP) bearing No.BWFS30-82X (59) from AIAP (1pc.)"||11
APTX25085|CZT-25009810|C.Aunchittha||T.Miyazawa|2025-03-10|2025-03-20|2025-03-21|2025-03-21|3.5|0.9||NBMT|AIAP|Ms.Methira|Powertrain|"Water pump"|BWFS30-82X|NBMT|1|Investigation|"Investigation report of Leak Problem for NR Engine (WP) bearing No.BWFS30-82X (36) from AIAP (1pc.)"||11
APTX25084|CZT-25009810|C.Aunchittha||T.Miyazawa|2025-03-10|2025-03-20|2025-03-21|2025-03-21|3.5|0.9||NBMT|AIAP|Ms.Methira|Powertrain|"Water pump"|BWFS30-82X|NBMT|1|Investigation|"Investigation report of Leak Problem for NR Engine (WP) bearing No.BWFS30-82X (35) from AIAP (1pc.)"||11
APTX25083|CZT-25009810|C.Aunchittha||T.Miyazawa|2025-03-10|2025-03-20|2025-03-21|2025-03-21|3.5|0.9||NBMT|AIAP|Ms.Methira|Powertrain|"Water pump"|BWFS30-82X|NBMT|1|Investigation|"Investigation report of Leak Problem for NR Engine (WP) bearing No.BWFS30-82X (34) from AIAP (1pc.)"||11
APTX25082|CZT-25009810|C.Aunchittha||T.Miyazawa|2025-03-10|2025-03-20|2025-03-21|2025-03-21|3.6|0.9||NBMT|AIAP|Ms.Methira|Powertrain|"Water pump"|BWFS30-82X|NBMT|1|Investigation|"Investigation report of Leak Problem for NR Engine (WP) bearing No.BWFS30-82X (33) from AIAP (1pc.)"||11
APTX25081|CZT-25009810|C.Aunchittha||T.Miyazawa|2025-03-10|2025-03-20|2025-03-21|2025-03-21|3.5|0.9||NBMT|AIAP|Ms.Methira|Powertrain|"Water pump"|BWFS30-82X|NBMT|1|Investigation|"Investigation report of Leak Problem for NR Engine (WP) bearing No.BWFS30-82X (32) from AIAP (1pc.)"||11
APTX25080|CZT-25007692|C.Aunchittha||T.Miyazawa|2025-03-10|2025-03-17|2025-03-19|2025-03-19|3.4|0.9||NBMT|Bando|Ms.Methira|Powertrain|"Tensioner pulley"|70SPF03112|NBMT|1|Investigation|"Investigation report of idler due to abnormal noise for bearing No.70SPF03112 from Bando (1pc.)"||9
APTX25079|CZT-25008475|S.Nattiwat|||2025-03-03|2025-03-13|2025-03-13|2025-03-14||||JK-NSK|TMMIN|"Mr.Edwin Saleh"|HUB|T-HUB1|43KWD07AU42|NBMT|2|Warranty|||10
APTX25078|-|M.Arisara|S.Ushimaru|T.Ikeda|2025-03-05|2025-03-06|2025-03-06|2025-03-20||||T-NSK|T-NSK_ECM|"Mr.Kazutoshi Hoshi"|General|-|-||1|Other|"Activity FY2024 4Q_ECM"||1
APTX25077|-|M.Arisara|S.Ushimaru|T.Ikeda|2025-03-05|2025-03-06|2025-03-06|2025-03-20||||T-NSK|T-NSK_CAD|"Mr.Sadayuki Tanaka"|General|-|-||1|Other|"Activity FY2024 4Q_CAD IGT"||1
APTX25076|-|M.Arisara|S.Ushimaru|T.Ikeda|2025-03-05|2025-03-20|2025-03-20|2025-03-20||||T-NSK|T-NSK_Auto||General|-|-||1|Other|"Activity FY2024 4Q_T-NSK_Auto_No issue"||15
APTX25075|-|M.Arisara|S.Ushimaru|T.Ikeda|2025-03-05|2025-03-20|2025-03-20|2025-03-20||||A/J|A/J|"Mr.Toshiyuki Murayama"|General|-|-||1|Other|"Activity FY2024 4Q_AJ"||15
APTX25074|-|M.Arisara|S.Ushimaru|T.Ikeda|2025-03-05|2025-03-20|2025-03-20|2025-03-20||||VN-NSK|VN-NSK|"Mr.Tomoharu Kawamoto"|General|-|-||1|Other|"Activity FY2024 4Q_VN-NSK"||15
APTX25073|-|M.Arisara|S.Ushimaru|T.Ikeda|2025-03-05|2025-03-20|2025-03-20|2025-03-20||||Q-NSK|Q-NSK|"Mr.Makoto Nakano"|General|-|-||1|Other|"Activity FY2024 4Q_Q-NSK"||15
APTX25072|-|M.Arisara|S.Ushimaru|T.Ikeda|2025-03-05|2025-03-20|2025-03-20|2025-03-20||||NBI|NBI|"Mr.Taro Nagai"|General|-|-||1|Other|"Activity FY2024 4Q_NBI"||15
APTX25071|-|M.Arisara|S.Ushimaru|T.Ikeda|2025-03-05|2025-03-20|2025-03-20|2025-03-20||||NIS|NIS|"Mr.Takayuki Shimada"|General|-|-||1|Other|"Activity FY2024 4Q_NIS"||15
APTX25070|-|M.Arisara|S.Ushimaru|T.Ikeda|2025-03-05|2025-03-20|2025-03-20|2025-03-20||||JK-NSK|JK-NSK|"Mr.Daisuke Endo"|General|-|-||1|Other|"Activity FY2024 4Q_JK-NSK"||15
APTX25069|-|M.Arisara|S.Ushimaru|T.Ikeda|2025-03-05|2025-03-20|2025-03-20|2025-03-20||||A-NSK|A-NSK|"Mr.Bradley Neck"|General|-|-||1|Other|"Activity FY2024 4Q_A-NSK"||15
APTX25068|-|M.Arisara|S.Ushimaru|T.Ikeda|2025-03-05|2025-03-20|2025-03-20|2025-03-20||||L-NSK|L-NSK|Mr.Sangchai|General|-|-||1|Other|"Activity FY2024 4Q_L-NSK"||15
APTX25067|-|M.Arisara|S.Ushimaru|T.Ikeda|2025-03-05|2025-03-20|2025-03-20|2025-03-20||||NBMT|NBMT|Mr.Poopol|General|-|-||1|Other|"Activity FY2024 4Q_NBMT"||15
APTX25066|CZT-25008868|S.Nuttapon||F.Soda|2025-03-04|2025-03-11|2025-03-13|2025-03-13|16.0|8.0||NBMT|FMC|Ms.Nutcha||HUB1|47KWD04|NBMT|1|Warranty|"Investigation Results of Returned Front Wheel Bearing from Philippine 47KWD04 (1pc)"||9
APTX25065||S.Ushimaru|S.Ushimaru|T.Ikeda|2025-03-03|2025-03-06|2025-03-06|2025-03-06||||L-NSK|||IND|||||"Tech report"|"Re-skill Training for [L-NSK] OEM (Small Deep Groove Ball Bearings)"||3
APTX25064|CZT-25010413|M.Supaporn|E.Krittimet|S.Ushimaru|2025-02-27|2025-03-12|2025-03-18|2025-03-20||||L-NSK|"PT Component"|Mr.Prateep|IND|Spindle|"50BER10HTYNDBBELP4, 50BER10HTYNV1DBBE01"||2|Benchmark|"Benchmark of bearing No. 50BER10HTYNDBBELP4, 50BER10HTYNV1DBBE01"||19
APTX25063|CZT-25008279|T.Theera||F.Soda|2025-02-25|2025-03-04|2025-03-05|2025-03-07|20.0|8.0||NBMT|ITA|"Mr.Eisho Watanabe"|HUB|HUB1|"BTH-5401A SKF"||1|Benchmark|"Benchmark of Front Wheel HUB Bearing SKF T-HUB1 for Ford Ranger (Latest model) Competitor Bearing of 45KWD08
"||8
APTX25062|CZT-25007055|S.Nattiwat||F.Soda|2025-02-20|2025-02-24|2025-02-28|2025-02-28||||NBMT|TMT|"Ms.Methira Khamluerit"|HUB|HUB3|62BWKH38|NBMT|1|Investigation|||8
APTX25061|CZT-25009945|H.Supaporn||T.Miyazawa|2025-02-20|2025-03-06|2025-03-07|2025-03-10||||NBMT|Thongchai|Ms.Arisa|Powertrain|F/C|6203A26DC7DC8|H/F|3|Investigation|||15
APTX25060|CZT-25005860|S.Nuttapon||F.Soda|2025-02-18|2025-02-25|2025-02-27|2025-02-28|16.0|8.0||NBMT|TMT|Ms.Methira|HUB|"HUB III"|62BWKH32|NBMT|2|Investigation|"Investigation Report of Front Wheel Hub Bearing from Pakistan - 62BWKH32"||9
APTX25059|CZT-25006894|H.Supaporn||T.Miyazawa|2025-02-19|2025-02-27|2025-03-07|2025-03-10||||NBMT|"Bando Manufacturing (Thailand) Ltd."|Ms.Methira|Powertrain|T/P|"70SPF03112DDG8A LBB HT1LZ"|NBMT|1|Investigation|||16
APTX25058||S.Ushimaru||T.Ikeda|2025-02-18|2025-02-20|2025-02-20|2025-02-20||||L-NSK|"FGA (THAILAND) CO., LTD."||IND|||||"Tech report"|"Evaluation of Bearing Life with Variable Grease Quantities (NSK Internal Evaluation)
"||2
APTX25057|CZT-25000556|S.Nuttapon||F.Soda|2025-02-05|2025-03-12|2025-03-14|2025-03-17|45.0|8.0||NBI|MSIL|Mr.Shriraam|HUB|"HUB III"|55BWKH32|NBMI|6|Testing|"Evaluation Test Report of Front Wheel Bearing [Ring Supplier Source Change Proposal] - 55BWKH32"||37
APTX25056|CZT-25004864|E.Krittimet||S.Ushimaru|2025-02-18|2025-02-24|2025-02-25|2025-03-04||||L-NSK|"ANCA Manufacturing"|Mr.Prateep|IND|"Servo motor"|"6910DDU NS7S"|ISHIBE|1|Investigation|"Customer found abnormal noise after changed new bearing and started run"||7
APTX25055|CZT-25004921|H.Supaporn||T.Miyazawa|2025-02-17|2025-02-24|2025-02-25|2025-02-25||||NBMT|"Bando Manufacturing (Thailand) Ltd."|Ms.Methira|Powertrain|T/P|"65SPF0329DDG8A LB HA2L	"|NBMT|1|Investigation|||8
APTX25054|CZT-25005920|H.Supaporn||T.Miyazawa|2025-02-17|2025-02-21|2025-02-24|2025-02-24||||NBMT|"Valeo Automotive (Thailand) Co.,Ltd."|Ms.Nutcha|Powertrain|MCB|"32BD4718T12DDUK8AC02W MA8LJ"|ISHIBE|1|Investigation|||7
APTX25053|CZT-25004379|T.Theera||F.Soda|2025-02-17|2025-02-20|2025-02-21|2025-02-21|12.0|5.0||NBMT|TMT|Ms.Methira|HUB|HUB1|43KWD07A|NBMT|3|Investigation|"Investigation Report of Front Wheel Hub Bearings from Thailand (43KWD07A 3pcs.) FTR"||4
APTX25052|CZT-25006081|C.Aunchittha||T.Miyazawa|2025-02-13|2025-02-24|2025-02-25|2025-02-25|2.4|1.5||NBMT|AIAP|Ms.Methira|Powertrain|"Water pump"|RWF42-124|NBMT|1|Investigation|"Investigation report of Leak Problem for NR Engine (WP) bearing No.RWF42-124 (07) from AIAP (1pc.)"||12
APTX25051|CZT-25005835|C.Aunchittha||T.Miyazawa|2025-02-13|2025-02-24|2025-02-25|2025-02-25|3.2|1.5||NBMT|AIAP|Ms.Methira|Powertrain|"Water pump"|RWF42-154|NBMT|1|Investigation|"Investigation report of Noise Problem for NR Engine (WP) bearing NoRWF42-154 (013) from AIAP (1pc.)"||12
APTX25050|CZT-25005827|C.Aunchittha||T.Miyazawa|2025-02-13|2025-02-24|2025-02-25|2025-02-25|3.2|1.5||NBMT|AIAP|Ms.Methira|Powertrain|"Water pump"|BWFS30-82X|NBMT|1|Investigation|"Investigation report of Leak Problem for NR Engine (WP) bearing No.BWFS30-82X (20) from AIAP (1pc.)"||12
APTX25049|CZT-25005827|C.Aunchittha||T.Miyazawa|2025-02-13|2025-02-24|2025-02-25|2025-02-25|3.2|1.5||NBMT|AIAP|Ms.Methira|Powertrain|"Water pump"|BWFS30-82X|NBMT|1|Investigation|"Investigation report of Leak Problem for NR Engine (WP) bearing No.BWFS30-82X (19) from AIAP (1pc.)"||12
APTX25048|CZT-25005827|C.Aunchittha||T.Miyazawa|2025-02-13|2025-02-24|2025-02-25|2025-02-25|3.2|1.5||NBMT|AIAP|Ms.Methira|Powertrain|"Water pump"|BWFS30-82X|NBMT|1|Investigation|"Investigation report of Leak Problem for NR Engine (WP) bearing No.BWFS30-82X (18) from AIAP (1pc.)"||12
APTX25047|CZT-25005827|C.Aunchittha||T.Miyazawa|2025-02-13|2025-02-24|2025-02-25|2025-02-25|2.7|1.5||NBMT|AIAP|Ms.Methira|Powertrain|"Water pump"|BWFS30-82X|NBMT|1|Investigation|"Investigation report of Leak Problem for NR Engine (WP) bearing No.BWFS30-82X (12) from AIAP (1pc.)"||12
APTX25046|CZT-25005827|C.Aunchittha||T.Miyazawa|2025-02-13|2025-02-24|2025-02-25|2025-02-25|2.7|1.5||NBMT|AIAP|Ms.Methira|Powertrain|"Water pump"|BWFS30-82X|NBMT|1|Investigation|"Investigation report of Leak Problem for NR Engine (WP) bearing No.BWFS30-82X (11) from AIAP (1pc.)"||12
APTX25045|CZT-25005827|C.Aunchittha||T.Miyazawa|2025-02-13|2025-02-24|2025-02-25|2025-02-25|2.6|1.5||NBMT|AIAP|Ms.Methira|Powertrain|"Water pump"|BWFS30-82X|NBMT|1|Investigation|"Investigation report of Leak Problem for NR Engine (WP) bearing No.BWFS30-82X (10) from AIAP (1pc.)"||12
APTX25044|CZT-25005219|S.Nuttapon||F.Soda|2025-02-10|2025-02-13|2025-02-14|2025-02-14|8.0|4.0||NBMT|TMT|Ms.Methira|HUB|"HUB III"|59BWKHS10|NBMT|1|Investigation|"Investigation Report of Front Wheel Hub Bearing from Malaysia - 59BWKHS10 (1pc)"||4
APTX25043||S.Ushimaru|S.Ushimaru|T.Ikeda|2025-02-11|2025-02-17|2025-02-17|2025-02-21||||L-NSK|"KUSATSU ELECTRIC (THAILAND) CO., LTD."||IND|||||"Tech report"|"Cause analysis of noise for fan motor in KUSATSU ELECTRIC (THAILAND) CO., LTD."||6
APTX25042|CZT-25005303|S.Nattiwat||F.Soda|2025-02-10|2025-02-13|2025-02-14|2025-02-14||||NBMT|TMT|Ms.Methira|HUB|HUB3|62BWKH32S|NBMT|1|Investigation|"Investigation Report of Front Wheel Hub Bearing from Malaysia 62BWKH32S (1 Pc)"||4
APTX25041|CZT-25005910|C.Aunchittha||T.Miyazawa|2025-02-11|2025-02-21|2025-02-21|2025-02-21|15.0|2.3||NBMT|ฺBYD|Mr.Watanabe|Powertrain|Transmission|HTF6207|NBMT|2|Investigation|||10
APTX25040|CZT-25005870|H.Supaporn||T.Miyazawa|2025-02-10|2025-02-20|2025-02-21|2025-02-21||||NBMT|ฺBYD|Mr.Watanabe|Powertrain|Transmission|HR32009XJU588|SNBC|1|Investigation|||11
APTX25039|CZT-25005220|T.Theera||F.Soda|2025-02-07|2025-02-17|2025-02-17|2025-02-18|5.0|5.0||NBMT|TMT|Ms.Methira|HUB|HUB3|59BWKHS10W|NBMT|1|Investigation|"Investigation Report of Front Wheel Hub Bearing from Philippines (59BWKHS10W 1pc. ABS) FTR"||10
APTX25038|CZT-25004472|S.Nattiwat||F.Soda|2025-02-03|2025-02-07|2025-02-10|2025-02-14||||JK-NSK|TMMIN|"Mr.Edwin Saleh"|HUB|T-HUB1|43KWD07AU42|NBMT|1|Warranty|"Evidence for Reject Investigate Bearing from Indonesia 43KWD07 (1 Pc)"||7
APTX25037|CZT-24011324|S.Nuttapon||F.Soda|2025-01-27|2025-03-05|2025-02-05|2025-03-06||8.0||NBMT|TMT|Ms.Methira|HUB|"HUB III"|58BWKH37|NBMT||"Tech report"|"Explanation of KAKOTORA and Compare Washing Oil Test Result for 43550-02120 (58BWKH37Ey5)
"||9
APTX25036|CZT-25004863|E.Krittimet||S.Ushimaru|2025-02-04|2025-02-17|2025-02-25|2025-02-25||||L-NSK|"PT components"|Mr.Prateep|IND|"Machining center (Makino F5)"|"55BNR10HTYNSUA5P4, 65BNR10HTYNDBLP4"|"FUJISAWA SMALL"|3|Investigation|"Abnormal noise after used around 1 month"||21
APTX25035||S.Ushimaru|||2025-02-03|2025-02-05|2025-02-05|2025-02-05||||L-NSK|JTT||IND|||||"Tech report"|"Actions in case of oil leakage found"|"Customer: JTT, Bearing No.: J-944"|2
APTX25034||S.Ushimaru|S.Ushimaru|T.Ikeda|2025-02-03|2025-02-03|2025-02-03|2025-02-03||||"CAD IGT"|||IND|||||"Tech report"|"Minutes of TRB Temporary Drafting license meeting "||0
APTX25033||S.Sukanya||T.Miyazawa|2025-02-03|2025-02-03|2025-02-03|2025-02-03||||L-NSK|Triumph|Ms.Aunchana|Powertrain|Motorcycle|"6205 6204 6004 6001"|H/F|8|"Testing (Schedule)"|||0
APTX25032||S.Ushimaru|S.Ushimaru|T.Ikeda|2025-02-03|2025-02-03|2025-02-03|2025-02-03||||L-NSK|||IND|||||"Tech report"|"4M change investigation"|"To: KUSATSU ELECTRIC (THAILAND) CO., LTD."|0
APTX25031|CZT-25003818|C.Aunchittha||T.Miyazawa|2025-02-03|2025-02-05|2025-02-11|2025-02-11|2.0|2.2||NBMT|AIAP|Ms.Methira|Powertrain|"Water pump"|BWFS30-82X|NBMT|1|Localization|"Investigation report of Leak Problem for NR Engine (WP) bearing No.BWFS30-82X (022) from AIAP (1pc.)"||8
APTX25030|CZT-25003818|C.Aunchittha||T.Miyazawa|2025-02-03|2025-02-05|2025-02-11|2025-02-11|2.0|2.3||NBMT|AIAP|Ms.Methira|Powertrain|"Water pump"|BWFS30-82X|NBMT|1|Investigation|"Investigation report of Leak Problem for NR Engine (WP) bearing No.BWFS30-82X (021) from AIAP (1pc.)"||8
APTX25029|CZT-25004456|T.Theera||F.Soda|2025-02-03|2025-02-06|2025-02-13|2025-02-17|10.0|2.0||JK-NSK|HPM|"Mr.Edwin Saleh"|HUB|HUB1|38BWD27R|NBMT|1|Warranty|"Investigation Report of Returned Front Wheel Bearing from Indonesia (38BWD27R 1pc.)"||10
APTX25028|CZT-25003618|M.Supaporn||S.Ushimaru|2025-01-30|2025-02-19|2025-02-26|2025-02-27||||L-NSK|"Wanavit Manufacturing Co., Ltd."|Mr.Ingkarat|IND|"Fan motor"|"608T1XVV1MC3E J NS7L5"|A/J|10|Investigation|"Investigation of noise fan motor bearing"||27
APTX25027|CZT-24012199|S.Nattiwat||F.Soda|2025-01-21|2025-01-29|2025-01-30|2025-01-31||||NBMT|TMT|"Ms.Methira Khamluerit"|HUB|HUB3|58BWKH37|NBMT|4|Warranty|"Investigation Report of Front Wheel Hub Bearing from Thailand 58BWKH37E (4 Pcs.)"||9
APTX25026|CZT-25007563|S.Muntana||S.Ushimaru|2025-02-24|2025-03-14|2025-03-18|2025-03-21|||||"AISIN THAI AUTOMOTIVE"|Mr.Kwanchai|IND|"Machining center"|"SVS30+850L (THK)"|IND|1|Investigation|"Investigation of returned failed linear guides of machining center
"||22
APTX25025|CZT-25004039|S.Muntana||S.Ushimaru|2025-01-22|2025-02-03|2025-02-06|2025-02-06||||L-NSK|"PT Components Co., Ltd."|Mr.Kwanchai|Precision|"Grinding- CNC machine "|W4003Z-679ZY-C5Z5||1|Investigation|"Investigation for confirm condition of ball screw in CNC machine"||15
APTX25024|RAO-A2409050|L.Pawet|D.Setthawut|T.Miyazawa|2025-01-06|2025-01-23|2025-01-24|2025-01-24||||NBMT|MMTH|Mr.Watanabe|Powertrain|"Clutch release"|50TKZ3301GRA|NBMT|4|Test|"Evaluation test Report of Clutch Release Bearing No.50TKZ3301GRA for plant transfer from E to NBMT(4 pcs.)"||18
APTX25023|CZT-25001034|C.Aunchittha||T.Miyazawa|2025-01-22|2025-01-27|2025-01-30|2025-01-30|9.0|6.5||JK-NSK|"PT. AKASHI"|Mr.Edwin|Powertrain|"Clutch release"|44TKZ2801H|ISHIBE|1|Investigation|"Investigation report for Clutch Release Bearing No.44TKZ2801J1 ENSSJ from PT AKASHI WAHANA INDONESIA (1pc.)"||8
APTX25022|CZT-24012199|S.Nuttapon||F.Soda|2025-01-20|2025-01-24|2025-01-30|2025-02-11|16.0|8.0||NBMT|TMT|Ms.Methira|HUB|"HUB III"|58BWKH37|NBMT|2|Warranty|"Investigation Report of Front Wheel Hub Bearing from Thailand - 58BWKH37"||10
APTX25021||L.Peerapat|||2025-01-17|2025-01-17|2025-01-17|2025-01-17|2.0|2.0|2.0|NBMT|NBMT|Mr.Wachiranunt|HUB|"HUB 2.5"|48KWH01Ay+X2|NBMT|12|"Tech report"|"Sample-making request for additional static strength test for support Jiangyin material change"||0
APTX25020|CZT-24012199|T.Theera||F.Soda|2025-01-16|2025-01-17|2025-01-29|2025-02-11|16.0|4.0||NBMT|TMT|Ms.Methira|HUB|HUB3|58BWKH37|NBMT|4|Warranty|"Investigation Report of Front Wheel Hub Bearing from Thailand (58BWKH37E 4pcs.)"||13
APTX25019|CZT-25000500|H.Supaporn||T.Miyazawa|2025-01-16|2025-01-24|2025-01-29|2025-01-29||||NBMT|"Bando Manufacturing (Thailand) Ltd."|Ms.Methira||T/P|"65SPF0329DDG8A LB HA2L	"|NBMT|1|Investigation|"Investigation report of idler due to abnormal noise for bearing No. 65SPF0329DDG8A LB HA2L from Bando (1pc.)"||13
APTX25018|CZT-25000498|H.Supaporn||T.Miyazawa|2025-01-16|2025-01-24|2025-01-29|2025-01-29||||NBMT|"Bando Manufacturing (Thailand) Ltd."|Ms.Methira|Powertrain|T/P|"70SPF03112DDG8A LBB HT1LZ"|NBMT|3|Investigation|"Investigation report of idler due to abnormal noise for bearing No.70SPF03112DDG8A LBB HT1LZ from Bando (3pcs.)"||13
APTX25017|CZT-24006739|C.Aunchittha||T.Miyazawa|2025-01-13|2025-01-17|2025-01-20|2025-01-17|22.5|7.6||Q-NSK|Isuzu|Mr.Choo|Powertrain|"Tensioner pulley"|6204DDUC3E|H/F|4|Investigation|||7
APTX25016|CZT-25001515|S.Muntana||S.Ushimaru|2025-01-06|2025-01-14|2025-01-17|2025-01-24||||L-NSK|"Nidec Techno Motor (Thailand) Co., Ltd."||IND|"Air conditioner motor"|"608A15T1XGZZ1MC-01 J2 NSCL"||4|Investigation|"Investigation of abnormal noise motor bearings in air conditioner"||11
APTX25015|CZT-24011835|H.Supaporn||T.Miyazawa|2025-01-08|2025-01-15|2025-01-22|2025-01-22||||NBMT|"Bando Manufacturing (Thailand) Ltd."|Ms.Methira|Powertrain|T/P|"70SPF03130DDG8A LBB HT1LZ"|NBMT|1|Investigation|"Investigation report of idler due to abnormal noise for bearing No.70SPF03130 from Bando (50,952 km) 1 pc."||14
APTX25014|CZT-24011132|C.Aunchittha||T.Miyazawa|2025-01-08|2025-01-15|2025-01-17|2025-01-17|1.6|1.1||JK-NSK|AIIA|Mr.Edwin|Powertrain|"Water pump"|BWFS30-113|ISHIBE|1|Investigation|"Investigation report of Noise Problem for WP bearing No.BWFS30-113 (334) from AIIA (1pc.)"||9
APTX25013|CZT-24011132|C.Aunchittha||T.Miyazawa|2025-01-08|2025-01-15|2025-01-17|2025-01-17|1.6|1.0||JK-NSK|AIIA|Mr.Edwin|Powertrain|"Water pump"|BWFS30-113|ISHIBE|1|Investigation|"Investigation report of Noise Problem for WP bearing No.BWFS30-113 (333) from AIIA (1pc.)"||9
APTX25012|CZT-24011132|C.Aunchittha||T.Miyazawa|2025-01-08|2025-01-15|2025-01-17|2025-01-17|1.6|1.1||JK-NSK|AIIA|Mr.Edwin|Powertrain|"Water pump"|BWFS30-113|ISHIBE|1|Investigation|"Investigation report of Noise Problem for WP bearing No.BWFS30-113 (332) from AIIA (1pc.)"||9
APTX25011|CZT-24011132|C.Aunchittha||T.Miyazawa|2025-01-08|2025-01-15|2025-01-17|2025-01-17|1.6|1.1||JK-NSK|AIIA|Mr.Edwin|Powertrain|"Water pump"|BWFS30-113|ISHIBE|1|Investigation|"Investigation report of Noise Problem for WP bearing No.BWFS30-113 (331) from AIIA (1pc.)"||9
APTX25010|CZT-24011132|C.Aunchittha||T.Miyazawa|2025-01-08|2025-01-15|2025-01-17|2025-01-17|1.6|1.1||JK-NSK|AIIA|Mr.Edwin|Powertrain|"Water pump"|BWFS30-113|ISHIBE|1|Investigation|"Investigation report of Noise Problem for WP bearing No.BWFS30-113 (330) from AIIA (1pc.)"||9
APTX25009|CZT-24011132|C.Aunchittha||T.Miyazawa|2025-01-08|2025-01-15|2025-01-17|2025-01-17|1.6|1.1||JK-NSK|AIIA|Mr.Edwin|Powertrain|"Water pump"|BWFS30-113|ISHIBE|1|Investigation|"Investigation report of Noise Problem for WP bearing No.BWFS30-113 (329) from AIIA (1pc.)"||9
APTX25008|CZT-24011792|C.Aunchittha||T.Miyazawa|2025-01-08|2025-01-14|2025-01-15|2025-01-15|1.6|1.1||NBMT|AIAP|Ms.Methira|Powertrain|"Water pump"|BWFS30-89|NBMT|1|Investigation|"Investigation report of Noise Problem for NR Engine (WP) bearing No.BWFS30-89 (537) from AIAP (1pc.)"||7
APTX25007|CZT-24011781|C.Aunchittha||T.Miyazawa|2025-01-08|2025-01-14|2025-01-15|2025-01-15|1.6|1.0||NBMT|AIAP|Ms.Methira|Powertrain|"Water pump"|BWFS30-82X|NBMT|1|Investigation|"Investigation report of Leak Problem for NR Engine (WP) bearing No.BWFS30-82X (538) from AIAP (1pc.)"||7
APTX25006|CZT-24011781|C.Aunchittha||T.Miyazawa|2025-01-08|2025-01-14|2025-01-15|2025-01-15|1.6|1.0||NBMT|AIAP|Ms.Methira|Powertrain|"Water pump"|BWFS30-82X|NBMT|1|Investigation|"Investigation report of Leak Problem for NR Engine (WP) bearing No.BWFS30-82X (536) from AIAP (1pc.)"||7
APTX25005|CZT-24011781|C.Aunchittha||T.Miyazawa|2025-01-08|2025-01-14|2025-01-15|2025-01-15|1.6|0.9||NBMT|AIAP|Ms.Methira|Powertrain|"Water pump"|BWFS30-82X|NBMT|1|Investigation|"Investigation report of Leak Problem for NR Engine (WP) bearing No.BWFS30-82X (535) from AIAP (1pc.)"||7
APTX25004|CZT-24011781|C.Aunchittha||T.Miyazawa|2025-01-08|2025-01-14|2025-01-15|2025-01-15|1.6|0.9||NBMT|AIAP|Ms.Methira|Powertrain|"Water pump"|BWFS30-82X|NBMT|1|Investigation|"Investigation report of Leak Problem for NR Engine (WP) bearing No.BWFS30-82X (534) from AIAP (1pc.)"||7
APTX25003|CZT-24011821|H.Supaporn||T.Miyazawa|2025-01-07|2025-01-15|2025-01-22|2025-01-22||||NBMT|"Bando Manufacturing (Thailand) Ltd."|Ms.Methira|Powertrain|T/P|"70SPF03130DDG8A LBB HT1LZ"|NBMT|1|Investigation|"Investigation report of idler due to abnormal noise for bearing No.70SPF03130 from Bando (25,278 km) 1 pc."||15
APTX25002|CZT-24011786|C.Aunchittha||T.Miyazawa|2025-01-06|2025-01-07|2025-01-08|2025-01-08|3.9|2.6||NBMT|AIAP|Ms.Methira|Powertrain|"Water pump"|RWF42-154|NBMT|1|Investigation|"Investigation report of Overheat Problem for GD Engine (WP) bearing No.RWF42-154 (532) from AIAP (1pc.)"||2
APTX25001|CZT-24011786|C.Aunchittha||T.Miyazawa|2025-01-06|2025-01-07|2025-01-08|2025-01-08|3.9|2.1||NBMT|AIAP|Ms.Methira|Powertrain|"Water pump"|RWF42-154|NBMT|1|Investigation|"Investigation report of Leak Problem for GD Engine (WP) bearing No.RWF42-154 (495) from AIAP (1pc.)"||2
APTX24389||H.Supaporn||T.Miyazawa|2024-12-23|2025-01-16|2025-01-22|2025-01-24||||L-NSK|"Gates Unitta"|Mr.Prateep|Powertrain|T/P|"6203-A-19T1XLDDG8ANX15CG16**U82U269 BH HA2L"|H/F|4|Investigation|||30
APTX24388||H.Supaporn||T.Miyazawa|2024-12-23|2024-12-23|2024-12-23|2024-12-23||||NBMT|ฺBYD|Ms.Arisa|Powertrain|"Transmission Bearing"|HR32009|SNBC|2|Investigation|||0
APTX24387|CZT-24011324|S.Nuttapon||F.Soda|2024-12-16|2024-12-19|2024-12-19|2024-12-19||36.0||NBMT|TMT|Ms.Methira|HUB|"HUB III"|58BWKH37|NBMT||"Tech report"|"History and direction to study effect of washing oil to bearing life for 43550-02120 (58BWKH37Ey5)
"||3
APTX24386||S.Ushimaru|S.Ushimaru|S.Ushimaru|2024-12-19|2024-12-19|2024-12-19|2024-12-19||||L-NSK|||IND|||||"Tech report"|"Introduction of D-VibA10Wireless Vibration Diagnostic Device"||0
APTX24385|CZT-24010423|M.Supaporn||S.Ushimaru|2024-12-19|2025-01-11|2025-01-20|2025-01-10||||L-NSK|Satake|Mr.Ingarat|IND|"Turbo fan"|"6205DDUCM NS7S5"|OOTSU|8|Investigation|"Investigation of noise problem bearing in turbo fan of paddy husker_6208DDUCM_Satake (8pcs.)"||32
APTX24384||S.Ushimaru||T.Ikeda|2024-12-18|2024-12-23|2024-12-23|2024-12-23||||"CAD IGT"|||IND|||||Other|"FY25 CAD Badget"||5
APTX24383|CZT-24010802|E.Krittimet||S.Ushimaru|2024-12-17||2025-01-14|2025-01-16||||L-NSK|Nidec|Mr.Prateep|IND|Air-conditioner|"6002SN24T1XLZZC3ER01 KNS7L6"|OOTSU|6|Investigation|"· Condition : Air-condition (Indoor type)
· Found place : Market claim
· Period of use : Around 1 Year
· NG Q'ty : 6 bearing (3 Rotors)"||28
APTX24382|CZT-24005638|S.Muntana||S.Ushimaru|2024-12-02|2024-12-18|2024-12-25|2024-12-20||||L-NSK|"AISIN THAI AUTOMOTIVE"|Mr.Kwanchai|Precision|Drilling|"HSR25+790L (THK)"||2|Investigation|"Investigation of returned failed slider blocks of linear guides_THK"||23
APTX24381|CZT-24005630|S.Muntana||S.Ushimaru|2024-12-02|2024-12-18|2024-12-24|2024-12-20||||L-NSK|"AISIN THAI AUTOMOTIVE"|Mr.Kwanchai|Precision|Drilling|NH250790GMC2PCZ|"NSK KYUSYU"|2|Investigation|"Investigation of returned failed slider blocks of linear guides_NSK"||22
APTX24380|"CZT-24008977	"|S.Nattiwat||F.Soda|2024-12-12|2024-12-19|2024-12-23|2024-12-24||||JK-NSK|TMMIN|Mr.Edwin|HUB|HUBI|43KWD07A|NBMT|3|Warranty|"Investigation Report of IMV Front Wheel Hub Bearing from Indonesia 43KWD07A (3pcs.)"||11
APTX24379|CZT-24008977|T.Theera||F.Soda|2024-12-12|2024-12-12|2024-12-18|2024-12-24|1.0|1.0||JK-NSK|TMMIN|"Mr.Edwin Saleh"|HUB|HUB1|43KWD07A|NBMT|1|Warranty|"Evidence for Reject Investigate Bearing from Indonesia (43KWD07A 1pc.)"||6
APTX24378|CZT-24010421|M.Supaporn||S.Ushimaru|2024-12-03|2024-12-16|2024-12-23|2024-12-24||||L-NSK|Satake|"Mr.Ingkarat Maoey"|IND|"Belt Tension"|"6208DDUCM NS7S5"|OOTSU|2|Investigation|"Investigation of noise problem bearing in turbo fan"||20
APTX24377||L.Peerapat|||2024-12-09|2024-12-09|2024-12-11|2024-12-13|1.0|4.0||NBMT|TMT|Mr.Wachiranunt|HUB|HUB3|58BWKH37E|NBMT|4|"Testing (Schedule)"|"Evaluation Test Schedule of Bearing Performance When Subjected to Remained Washing Oil"||2
APTX24376||H.Supaporn||T.Miyazawa|2024-12-10|2024-12-17|2024-12-19|2024-12-19||||L-NSK|"Triumph Motorcycles (Thailand) Limited"|Ms.Anchana|Motorcycle|"Selector drum mount / Crank case"|6805C3**|ISHIBE|2|Investigation|||9
APTX24375||C.Aunchittha||T.Miyazawa|2024-12-06|2024-12-10|2024-12-17|2024-12-17||||NBMT|Isuzu|Ms.Arisa|Powertrain|"Clutch pilot"|"6203CCV4**BH AS3S"|H/F|1|Investigation|"Investigation report of clutch pilot due to Vehicle does not move and smell burnt for bearing No.6203VVC4 from Isuzu"||11
APTX24374|-|S.Nuttapon||F.Soda|2024-12-04|2024-12-06|2024-12-06|2024-12-10|4.0|4.0||NBMT|TMT||HUB|"HUB III"|58BWKH37|NBMT||Testing|"Sample-Making Request for Cat’s Eye Flaking Fact-finding Experiment Test - Confirm effect of washing oil 58BWKH37"||2
APTX24373|-|M.Arisara|S.Ushimaru|T.Ikeda|2024-12-02|2024-12-19|2024-12-19|2024-12-19||||T-NSK|T-NSK_CAD|"Mr.Sadayuki Tanaka"|General|-|-||1|Other|"11_APTX24373_Activity FY2024 3Q_CAD IGT"||17
APTX24372|-|M.Arisara|S.Ushimaru|T.Ikeda|2024-12-02|2024-12-19|2024-12-19|2024-12-19||||T-NSK|T-NSK_Auto|"Mr.Takayuki Miyagawa"|General|-|-||1|Other|"10_APTX24372_Activity FY2024 3Q_T-NSK_Auto_rev0_no issue"||17
APTX24371|-|M.Arisara|S.Ushimaru|T.Ikeda|2024-12-02|2024-12-19|2024-12-19|2024-12-19||||A/J|A/J|"Mr.Toshiyuki Murayama"|General|-|-||1|Other|"9_APTX24371_Activity FY2024 3Q_AJ"||17
APTX24370|-|M.Arisara|S.Ushimaru|T.Ikeda|2024-12-02|2024-12-19|2024-12-19|2024-12-19||||VN-NSK|VN-NSK|"Mr.Tomoharu Kawamoto"|General|-|-||1|Other|"8_APTX24370_Activity FY2024 3Q_VN-NSK"||17
APTX24369|-|M.Arisara|S.Ushimaru|T.Ikeda|2024-12-02|2024-12-19|2024-12-19|2024-12-19||||Q-NSK|Q-NSK|"Mr.Makoto Nakano"|General|-|-||1|Other|"7_APTX24369_Activity FY2024 3Q_Q-NSK"||17
APTX24368|-|M.Arisara|S.Ushimaru|T.Ikeda|2024-12-02|2024-12-19|2024-12-19|2024-12-19||||NBI|NBI|"Mr.Taro Nagai"|General|-|-||1|Other|"6_APTX24368_Activity FY2024 3Q_NBI"||17
APTX24367|-|M.Arisara|S.Ushimaru|T.Ikeda|2024-12-02|2024-12-19|2024-12-19|2024-12-19||||NIS|NIS|"Mr.Takayuki Shimada"|General|-|-||1|Other|"5_APTX24367_Activity FY2024 3Q_NIS"||17
APTX24366|-|M.Arisara|S.Ushimaru|T.Ikeda|2024-12-02|2024-12-19|2024-12-19|2024-12-19||||JK-NSK|JK-NSK|"Mr.Daisuke Endo"|General|-|-||1|Other|"4_APTX24366_Activity FY2024 3Q_JK-NSK"||17
APTX24365|-|M.Arisara|S.Ushimaru|T.Ikeda|2024-12-02|2024-12-19|2024-12-19|2024-12-19||||A-NSK|A-NSK|"Mr.Bradley Neck"|General|-|-||1|Other|"3_APTX24365_Activity FY2024 3Q_A-NSK"||17
APTX24364|-|M.Arisara|S.Ushimaru|T.Ikeda|2024-12-02|2024-12-19|2024-12-19|2024-12-19||||L-NSK|L-NSK|"Mr.Masayuki Takayama"|General|-|-||1|Other|"2_APTX24364_Activity FY2024 3Q_L-NSK"||17
APTX24363|-|M.Arisara|S.Ushimaru|T.Ikeda|2024-12-02|2024-12-19|2024-12-19|2024-12-19||||NBMT|NBMT|"Mr.Mitsunori Satou"|General|-|-||1|Other|"1_APTX24363_Activity FY2024 3Q_NBMT"||17
APTX24362||S.Ushimaru||T.Ikeda|2024-11-29|2024-11-29|2024-11-29|2024-11-29||||"CAD IGT"|||IND|||||"Tech report"|"Minutes of DGBB drafter license"||0
APTX24361|CZT-24006944|H.Supaporn|||2024-11-27|2024-12-03|2024-12-09|2024-12-11||||NBMT|"Ogura Clutch (Thailand) Co., Ltd. "|Ms.Nutcha|Powertrain|MCB|"EP32BD4718AT1XD-01LBW MA6LZ"|NBMT|1|Investigation|||12
APTX24360||E.Watanabe|E.Watanabe|T.Miyazawa|2024-11-27|2024-11-27|2024-11-27|2024-11-27||3.0|2.0|NBMT|MMTh||Powertrain|C/R|50TKZ3301GRA|NBMT|1|"Tech report"|"DRBFM for PCR of production location change"||0
APTX24359|CZT-24007153|E.Krittimet||S.Ushimaru|2024-11-27|2024-12-11|2024-12-16|2024-12-16||||L-NSK|"Mitsubishi Electric Automation (Thailand)"|Mr.Ingkarat|IND|"Fan motor"|"6204ZZCMR BH EAMS"|H/F|2|Investigation|"Investigation of noise fan motor bearing"|"Returned to customer"|19
APTX24358|CZT-24000259|S.Muntana||S.Ushimaru|2024-11-09|2024-11-25|2024-11-28|2024-11-29||||L-NSK|SNSS|Mr.Khwanchai|Precision|CNC|W4006-1311PSSK1-C1Z|"NSK KYUSYU"|3|Investigation|"Investigation of failed ball screw in CNC machine"|"Returned to customer"|19
APTX24357|CZP-0000006296|C.Aunchittha||T.Miyazawa|2024-11-22|2024-11-25|2024-11-25|2024-11-25||||NBMT|BYD|Ms.Arisa|Powertrain|Transmission||||Investigation|"Investigation report of contamination in oil from BYD (1sample)"||3
APTX24356|CZT-24006711|S.Nuttapon||F.Soda|2024-11-19|2024-11-22|2024-12-02|2024-12-02|16.0|8.0||NBMT|TMT|Ms.Methira|HUB|"HUB III"|58BWKH37|NBMT|2|Testing|"Evaluation Test Result of Air Leak Test for Returned Bearing 43550-02120 (58BWKH37Ey5)
"||13
APTX24355|CZT-24006918|T.Theera||F.Soda|2024-11-22|2024-12-03|2024-12-17|2024-12-20|13.0|4.0||NBMT|TMT|Ms.Methira|HUB|HUB3|58BWKH37|NBMT|2|Warranty|"Investigation Report of Front Wheel Hub Bearing from Thailand (58BWKH37E 2pcs.)"||25
APTX24354|CZT-24006918|T.Theera||F.Soda|2024-11-22|2024-12-03|2024-12-17|2024-12-20|19.0|4.0||NBMT|TMT|Ms.Methira|HUB|HUB3|58BWKH37|NBMT|4|Warranty|"Investigation Report of Front Wheel Hub Bearing from Thailand (58BWKH37E 4pcs.)"||25
APTX24353|A2407421|S.Nuttapon||F.Soda|2024-10-03|2024-11-29|2024-12-03|2024-12-20|24.0|8.0||NBMT|TMT|Ms.Methira|HUB|"HUB III"|58BWKH37|NBMT|3|Warranty|"Investigation Report of Front Wheel Hub Bearing from Thailand - 58BWKH37"||61
APTX24352||S.Ushimaru|S.Ushimaru|T.Ikeda|2024-11-21|2024-11-22|2024-11-22|2024-11-22|||||JTT||IND|Railway||||"Tech report"|Storage||1
APTX24351||T.Theera|S.Nuttapon|F.Soda|2024-11-21|||||||NBMT|TMT||HUB|HUB3|58BWKH37|NBMT||Testing|||
APTX24350|CZT-24005502|C.Aunchittha||T.Miyazawa|2024-11-20|2024-11-28|2024-11-29|2024-11-29||||NBMT|AIAP|Ms.Methira|Powertrain|"Water pump"|BWFS30-82X|NBMT|1|Investigation|"Investigation report of Leak Problem for NR Engine (WP) bearing No.BWFS30-82X (497) from AIAP (1pc.)"||9
APTX24349|CZT-24005356|C.Aunchittha||T.Miyazawa|2024-11-20|2024-11-28|2024-11-29|2024-11-29||||NBMT|AIAP|Ms.Methira|Powertrain|"Water pump"|BWFS30-89|NBMT|1|Investigation|"Investigation report of Leak Problem for ZR Engine (WP) bearing No.BWFS30-89 (476) from AIAP (1pc.)"||9
APTX24348|CZT-24005356|C.Aunchittha||T.Miyazawa|2024-11-20|2024-11-28|2024-11-29|2024-11-29||||NBMT|AIAP|Ms.Methira|Powertrain|"Water pump"|BWFS30-89|NBMT|1|Investigation|"Investigation report of Leak Problem for ZR Engine (WP) bearing No.BWFS30-89 (465) from AIAP (1pc.)"||9
APTX24347|CZT-24005356|C.Aunchittha||T.Miyazawa|2024-11-20|2024-11-28|2024-11-29|2024-11-29||||NBMT|AIAP|Ms.Methira|Powertrain|"Water pump"|BWFS30-89|NBMT|1|Investigation|"Investigation report of Leak Problem for ZR Engine (WP) bearing No.BWFS30-89 (464) from AIAP (1pc.)"||9
APTX24346|CZT-24005356|C.Aunchittha||T.Miyazawa|2024-11-20|2024-11-28|2024-11-29|2024-11-29||||NBMT|AIAP|Ms.Methira|Powertrain|"Water pump"|BWFS30-89|NBMT|1|Investigation|"Investigation report of Leak Problem for ZR Engine (WP) bearing No.BWFS30-89 (463) from AIAP (1pc.)"||9
APTX24345|CZT-24006696|S.Nuttapon||F.Soda|2024-11-20|2024-11-22|2024-12-02|2024-12-02|18.0|8.0||NBMT|TMT|Ms.Methira|HUB|"HUB III"|58BWKH37|NBMT|2|Testing|"Evaluation Test Result of Vacuum Test for 43550-02120 (58BWKH37Ey5)
"||12
APTX24344|CZT-24006124|T.Theera||F.Soda|2024-11-18|2024-11-19|2024-12-03|2024-12-13|10.0|2.0||JK-NSK|TMMIN|"Mr.Edwin Saleh"|HUB|HUB1|43KWD07A|NBMT|1|Warranty|"Investigation Report of IMV Front Wheel Hub Bearing from Indonesia (43KWD07A 1pc.)"||15
APTX24343|CZT-24006124|T.Theera||F.Soda|2024-11-18|2024-11-18|2024-11-20|2024-12-13|1.0|1.0||JK-NSK|TMMIN|"Mr.Edwin Saleh"|HUB|HUB1|43KWD07A|NBMT|1|Warranty|"Evidence for Reject Investigate Bearing from Indonesia (43KWD07A 1pc.)"||2
APTX24342|CZT-24005503|H.Supaporn||T.Miyazawa|2024-11-18|2024-11-27|2024-11-29|2024-11-29||||NBMT|"Bando Manufacturing (Thailand) Ltd."|Ms.Methira|Powertrain|T/P|"65SPF0329DDG8A LB HA2L	"|NBMT|1|Investigation|||11
APTX24341|A2407421|S.Nattiwat||F.Soda|2024-11-14|2024-12-03|2024-12-16|2024-10-25||||NBMT|TMT|"Ms.Methira Khamluerit"|HUB|HUB3|58BWKH37|NBMT|4|Warranty|||32
APTX24340|CZT-24004227|S.Nuttapon||F.Soda|2024-11-12|2024-11-13|2024-11-15|2024-11-15|24.0|8.0||NBMT|TMT|Ms.Methira|HUB|"HUB III"|58BWKH37|NBMT|2|Testing|"Evaluation Test Result of Air Leak Test for 58BWKH37
"||3
APTX24339|CZT-24004881|C.Aunchittha||T.Miyazawa|2024-11-13|2024-11-19|2024-11-22|2024-11-22||||NBMT|AIAP|Ms.Methira|Powertrain|"Water pump"|BWFS30-82X|NBMT|1|Investigation|"Investigation report of Noise Problem for NR Engine (WP) bearing No.BWFS30-82X (461) from AIAP (1pc.)"||9
APTX24338|CZT-24004881|C.Aunchittha||T.Miyazawa|2024-11-13|2024-11-19|2024-11-22|2024-11-22||||NBMT|AIAP|Ms.Methira|Powertrain|"Water pump"|BWFS30-82X|NBMT|1|Investigation|"Investigation report of Leak Problem for NR Engine (WP) bearing No.BWFS30-82X (460) from AIAP (1pc.)"||9
APTX24337|CZT-24004881|C.Aunchittha||T.Miyazawa|2024-11-13|2024-11-19|2024-11-22|2024-11-22||||NBMT|AIAP|Ms.Methira|Powertrain|"Water pump"|BWFS30-82X|NBMT|1|Investigation|"Investigation report of Noise Problem for NR Engine (WP) bearing No.BWFS30-82X (459) from AIAP (1pc.)"||9
APTX24336||S.Tassanapha||S.Ushimaru|2024-11-12|2024-11-13|2024-11-13|2025-03-31||||"CAD IGT"|||IND|||||"Educational document"|"CRB specification manual"||1
APTX24335|CZT-24000737|S.Nattiwat|L.Peerapat|F.Soda|2024-11-01|2024-11-14|2024-11-21|2024-11-29||||NBMT||"Ms.Nutcha Srichanchaeng"|HUB|HUB1|LX6C-1215-A4B||1|Benchmark|"Benchmark of a competitor's HUB1 for the P703 New Ranger Low Rider F/W
"||20
APTX24334||L.Peerapat|||2024-06-20|2024-11-27|2024-11-27|2024-11-29|16.0|8.0||CBT|||HUB|HUB2.5|48KWH02B+X2|NBMT|6|Other|"Quotation for 48KWH02B+X2 with U588 Bearings and Surrounding Parts for CBT Dept."||160
APTX24333|"NBMT QC 24-01"|H.Supaporn||T.Miyazawa|2024-11-07|2024-11-12|2024-11-13|2024-11-14||||NBMT|"Bando Manufacturing (Thailand) Ltd."|Mr.Rapeepong|Powertrain|T/P|70SPF03140|H/F|1|Investigation|||6
APTX24332|CZT-24004357|T.Theera||F.Soda|2024-11-06|2024-11-12|2024-11-15|2024-11-18|9.0|3.0||JK-NSK|TMMIN|"Mr.Edwin Saleh"|HUB|HUB1|43KWD07A|NBMT|2|Warranty|"Investigation Report of IMV Front Wheel Hub Bearing from Indonesia (43KWD07A 2pcs)"||9
APTX24331||L.Peerapat||F.Soda|2024-11-04|2024-11-27|2024-11-27|2024-11-06||||NBMT|TMT|Mr.Wachiranunt|HUB|HUB3|58BWKH37E|NBMT|1|"Testing (Schedule)"|"Evaluation Test Schedule for Seal Air Tightness Test 58BWKH37E"||23
APTX24330|CZT-24003756|C.Aunchittha||T.Miyazawa|2024-11-04|2024-11-07|2024-11-11|2024-11-11||||NBMT|AIAP|Ms.Methira|Powertrain|"Water pump"|RWF42-138|ISHIBE|1|Investigation|"Investigation report of Leak Problem for YDK3 Engine (WP) bearing No.RWF42-138 (#484) from AIAP (1pc.)"||7
APTX24329|CZT-24003120|S.Muntana|||2024-11-01|2024-11-04|2024-11-05|2024-11-08||||L-NSK|"Seiko Instruments (Thailand) Ltd."|Ms.Nisarat|Precision|"HUB sleeve"|"KGF20057 (THK)"||1|Investigation|"Investigation for confirm condition of ball screw in CNC machine"|"Returned to customer"|4
APTX24328|A2408882|S.Nuttapon||F.Soda|2024-10-28|2024-11-18|2024-11-22|2024-11-22|48.0|8.0||JK-NSK|TMMIN|Mr.Ryan|HUB|HUB1|"KOYO 46T090805-4"||2|Benchmark|"Benchmark of Front Wheel HUB Competitor Bearing of ZA-43KWD07"||25
APTX24327||F.Soda|||2024-10-24|2024-10-24|2024-10-29|2024-10-29||||NBMT|TMT||HUB|HUB3|58BWKH37y5|||"Tech report"|"Direction of counter measures to deal with market warranty for 43550-02120"||5
APTX24326|CZT-24000737|S.Nattiwat||F.Soda|2024-10-18|2024-10-23|2024-10-25|2024-10-25||||NBMT||"Ms.Nutcha Srichanchaeng"|HUB|HUB1|LX6C-1215-A4B||1|Benchmark|"Benchmark of a competitor's HUB1 for the P703 New Ranger Low Rider F/W (Seal, Ball and Cage)
"||7
APTX24325|CZT-24000257|S.Muntana||S.Ushimaru|2024-10-09|2024-10-22|2024-10-31|2024-10-25||||L-NSK|"Siam NSK Steering Systems Co., Ltd."|Ms.Wachiraya|Precision|"Grinding- CNC machine "|W3206-1212Z-C3Z|"NSK KYUSYU"|1|Investigation|"Investigation for confirm condition of ball screw in CNC machine"|"Returned to customer"|22
APTX24324|A2403167|S.Nuttapon||F.Soda|2024-09-23|2024-11-08|2024-11-12|2024-11-29|112.0|8.0||NBMT|"DANA SPICER"|Ms.Methira|HUB|HUB1|45KWD08|NBMT|6|Testing|"Evaluation Test Result for T6 Rear Wheel Bearing [Japan Material Approval] - 45KWD08
"||50
APTX24323||L.Peerapat|||2024-10-22|2024-10-24|2024-11-06|2024-11-06|8.0|8.0|4.0|NBMT|TMT|Ms.Methira|HUB|HUB3|58BWKH37E|NBMT|10|"Tech report"|"Prototype Production Specification for Water Injection Test on 58BWKH37E"||15
APTX24322|A2408642|E.Krittimet||S.Ushimaru|2024-10-18|2024-10-15|2024-10-31|2024-11-05||||L-NSK|"FASCO Motors (Thailand)"|Mr.Ingkarat|IND|"Drive motor"|"6203T1XLDDGCE H EA6L"|K/S|4|Investigation|"Investigation of noise drive motor bearing after test finished 5000 hrs.,  20kg"||13
APTX24321|A2408642|E.Krittimet||S.Ushimaru|2024-10-18|2024-10-15|2024-10-31|2024-11-05||||L-NSK|"FASCO Motors (Thailand)"|Mr.Ingkarat|IND|"Drive motor"|"6203T1XLDDGCE H EA6L"|K/S|4|Investigation|"Investigation of noise drive motor bearing after test finished 5000 hrs., 10 kg"||13
APTX24320|A2408642|E.Krittimet||S.Ushimaru|2024-10-18|2024-10-15|2024-10-21|2024-11-05||||L-NSK|"FASCO Motors (Thailand)"|Mr.Ingkarat|IND|"Drive motor"|"6203T1XLDDGCE H EA6L"|K/S|2|Investigation|"Investigation of noise drive motor bearing after test finished 2000 hrs., 10 kg"||3
APTX24319|CZT-24001078|E.Krittimet||S.Ushimaru|2024-10-16|2024-11-05|2024-11-06|2024-11-06||||L-NSK|"SATAKE (THAILAND) Co.,Ltd."|Mr.Ingkarat|IND|"Main shaft"|"6309DDUCM NS7S"|FUKUSHIMA|3|Investigation|"Investigation of failed bearing in main shaft of sample sheller for rough rice machine"|"Returned to customer"|21
APTX24318|CZT-24000964|T.Theera||F.Soda|2024-10-15|2024-10-21|2024-10-25|2024-10-25|7.0|2.0||NBMT|TMT|Ms.Methira||HUB3|58BWKH37|NBMT|1|Warranty|"Investigation Report of Front Wheel Hub Bearing from Thailand (58BWKH37 1pc.)"||10
APTX24317|CZT-24000497|C.Aunchittha||T.Miyazawa|2024-10-15|2024-10-21|2024-11-01|2024-11-01||||NBMT|Bando|Ms.Methira|Powertrain|"Tensioner pulley"|70SPF03112|NBMT|4|Investigation|"Investigation report of TP bearing due to abnormal noise bearing No.70SPF03112 from Bando (4pcs.)"||17
APTX24316|CZT-24000489|C.Aunchittha||T.Miyazawa|2024-10-15|2024-10-18|2024-10-29|2024-10-29||||NBMT|Bando|Ms.Methira|Powertrain|"Tensioner pulley"|65SPF0329|NBMT|1|Investigation|"Investigation report of TP bearing due to abnormal noise bearing No.65SPF0329 from Bando (1pc.)"||14
APTX24315|-|M.Arisara||S.Ushimaru|2024-10-11|2024-10-11|2024-10-11|2024-10-18||||L-NSK|"G Steel Public Co., Ltd."|Mr.Pharitthan|IND|-|-||1|"Educational document"|"Education document of BUR Maintenance (RV)"||0
APTX24314|-|M.Arisara||S.Ushimaru|2024-10-11|2024-10-11|2024-10-11|2024-10-18||||L-NSK|"G Steel Public Co., Ltd."|Mr.Pharitthan|IND|-|-||1|"Educational document"|"Education document of WR Maintenance (KVS)"||0
APTX24313||F.Soda|||2024-10-10|2024-10-11|2024-10-11|2024-10-11||||NBMT|TMT||HUB|HUB3|58BWKH37y5|NBMT||"Tech report"|"[NBMT] 58BWKH37Ey5 の市場返却品増加の対策について
"|宮崎元役員報告用|1
APTX24312|A2408929|C.Aunchittha||T.Miyazawa|2024-10-09|2024-10-15|2024-10-22|2024-10-22||||NBMT|Bando|Ms.Methira|Powertrain|"Tensioner pulley"|70SPF03112|NBMT|2|Investigation|"Investigation report of TP bearing due to abnormal noise bearing No.70SPF03112 from Bando (2pcs.)"||13
APTX24311|CZT-2400044|M.Supaporn||S.Ushimaru|2024-10-09|2024-10-17|2024-10-29|2024-10-29||||L-NSK|"Wanavit Manufacturing Co., Ltd."|Mr.Prateep||"Fan motor"|"608T1XVV1MC3E J NS7"||4|Investigation|"Investigation of rust in fan motor bearing No.608T1XVV1MC3E J NS7 (4pcs.)"|"Return to customer"|20
APTX24310|ー|T.Miyazawa||T.Ikeda|2024-10-04|2024-10-09|2024-10-09|2024-10-09|20.0|6.0|2.0|NBI|Honda|Mr.Koshizuka|Motorcycle|Motorcycle|6207|NBMI|1|Test|"リベット未加締め品 評価結果"|"B22-38, Honda, NBI, Touji-3, rivet, quality problem"|5
APTX24309|RAO-A2409050|E.Watanabe|S.Sukanya|T.Miyazawa|2024-10-04|2024-10-04|2024-10-04|2024-10-04|1.0|1.0|1.0|NBMT|MMTh||Powertrain|Clutch|50TKZ3301GRA|NBMT|2|"Testing (Schedule)"|"Evaluation test plan for 12880483-00 regarding to production location change"||0
APTX24308|-|M.Arisara|S.Ushimaru|T.Ikeda|2024-10-03|2024-10-21|2024-10-21|2024-10-21||||T-NSK|T-NSK|||-|-|||Other|"Quotation FY2024 2H_T-NSK"||18
APTX24307|-|M.Arisara|S.Ushimaru|T.Ikeda|2024-10-03|2024-10-21|2024-10-21|2024-10-21||||A/J|A/J|Mr.Murayama|General|-|-|||Other|"Quotation FY2024 2H_AJ plant"||18
APTX24306|-|M.Arisara|S.Ushimaru|T.Ikeda|2024-10-03|2024-10-21|2024-10-21|2024-10-21||||VN-NSK|VN-NSK|Mr.Kawamoto|General|-|-|||Other|"Quotation FY2024 2H_VN-NSK"||18
APTX24305|-|M.Arisara|S.Ushimaru|T.Ikeda|2024-10-03|2024-10-21|2024-10-21|2024-10-21||||Q-NSK|Q-NSK|Mr.Nakano|General|-|-|||Other|"Quotation FY2024 2H_Q-NSK"||18
APTX24304|-|M.Arisara|S.Ushimaru|T.Ikeda|2024-10-03|2024-10-21|2024-10-21|2024-10-21||||NBI|NBI|Mr.Nagai|General|-|-|||Other|"Quotation FY2024 2H_NBI"||18
APTX24303|-|M.Arisara|S.Ushimaru|T.Ikeda|2024-10-03|2024-10-21|2024-10-21|2024-10-21||||NIS|NIS|Mr.Shimada|General|-|-|||Other|"Quotation FY2024 2H_NIS"||18
APTX24302|-|M.Arisara|S.Ushimaru|T.Ikeda|2024-10-03|2024-10-21|2024-10-21|2024-10-21||||JK-NSK|JK-NSK|Mr.Endo|General|-|-|||Other|"Quotation FY2024 2H_JK-NSK"||18
APTX24301|-|M.Arisara|S.Ushimaru|T.Ikeda|2024-10-03|2024-10-21|2024-10-21|2024-10-21||||A-NSK|A-NSK|Mr.Bradley|General|-|-|||Other|"Quotation FY2024 2H_A-NSK"||18
APTX24300|-|M.Arisara|S.Ushimaru|T.Ikeda|2024-10-03|2024-10-21|2024-10-21|2024-10-21||||L-NSK|L-NSK|Mr.Takayama|General|-|-|||Other|"Quotation FY2024 2H_L-NSK"||18
APTX24299|-|M.Arisara|S.Ushimaru|T.Ikeda|2024-10-03|2024-10-21|2024-10-21|2024-10-21||||NBMT|NBMT|Mr.Satou|General|-|-|||Other|"Quotation FY2024 2H_NBMT"||18
APTX24298|A2407421|T.Theera||F.Soda|2024-10-01|2024-10-21|2024-11-08|2024-10-25|11.0|4.0||NBMT|TMT|Ms.Methira|HUB|HUB3|58BWKH37|NBMT|3|Warranty|"Investigation Report of Front Wheel Hub Bearing from Thailand (58BWKH37 3pcs.)"||38
APTX24297|A2408902|C.Aunchittha||T.Miyazawa|2024-10-03|2024-10-09|2024-10-10|2024-10-10||||NBMT|Sangrompo|Ms.Methira|Powertrain|T/P|EP5-6303DDU|H/F|2|Investigation|"Investigation Report of SEM & EDS analysis for Rust Checking"||7
APTX24296|A2408680|M.Supaporn||S.Ushimaru|2024-09-27|2024-10-02|2024-10-07|2024-10-17||||L-NSK|"GC Maintenance and Engineering CO.,LTD"|Mr.Prateep|IND|"Mixer Gear Reducer "|R530-1DB+KLR299.1A||1|Investigation|"Investigation bearing failure of mixer gear reducer after operate lifetime 1 year"|"Bearing was returned to customer"|10
APTX24295|A2405773|H.Supaporn||T.Miyazawa|2024-09-26|2024-10-03|2024-10-04|2024-10-04||||JK-NSK|DDMI|Mr.Edwin|Powertrain|"Transmission Bearing"|"6210A12CG40A**UR5 LB      J"|NBMT|1|Investigation|"Investigation report of transmission bearing due to abnormal noise (Scratch OR) for bearing No.6210A12CG40 from PT.Daihatsu (1pc.)"||8
APTX24294|RAO-A2408739|T.Miyazawa||T.Ikeda|2024-09-24|2024-09-26|2024-09-26|2024-09-26|1.0|1.0|1.0|NBMT|"BYD Auto Components (Thailand) Co., Ltd."|Mr.Watanabe|Powertrain|E-Axle|6006,6008,16001|NBMT||"Tech calculation"|"Frequency calculation result of Bearing part for DM 4.0
"|"BYD, FUDI, DM4.0, Frequency, calculation, T-cos"|2
APTX24293|RAO-A2408723|C.Aunchittha||T.Miyazawa|2024-09-24|2024-09-26|2024-09-27|2024-09-27||||NBMT|ฺBYD|Mr.Watanabe|Powertrain|Transmission|-|NBMT|5|Investigation|"Investigation report of contamination in oil from BYD (1sample)"||3
APTX24292|-|M.Arisara|S.Muntana|S.Ushimaru|2024-09-24|2024-09-24|2024-09-24|2024-09-24||||L-NSK|"Nidec Techno Motor (Thailand) Co., Ltd."|Mr.Prateep|IND|-|D-VibA10|||"Tech report"|"Initial set up for D-VibA10"||0
APTX24291|A2408517|L.Peerapat||F.Soda|2024-09-24|2024-09-20|2024-09-24|2024-09-27|2.0|1.0|1.0|JK-NSK|TMMIN|Mr.Edwin|HUB|HUB1|43KWD07A|NBMT|2|Other|"Evidence for Reject Investigate Bearing from Indonesia"|"Returned bearing production date mismatch to vehicle"|0
APTX24290|A2408605|S.Muntana||S.Ushimaru|2024-09-23||2024-10-09|||||L-NSK|"MITSUBISHI ELECTRIC"||IND||"608A23T1XGZZ1MC-02 J2 NSCU5"||2|Investigation|"Investigation of noise motor bearing"||16
APTX24289|A2408642|E.Krittimet||S.Ushimaru|2024-09-23|2024-10-15|2024-10-21|2024-10-18||||L-NSK|"FASCO Motor (Thailand)"|Mr.Ingkarat|IND|"Fan motor"|"6203T1XLDDGCE H EA6L"|K/S|1|Investigation|"Investigation of noise fan motor bearing after test finished 5000 hrs., 0.58 kg"||28
APTX24288|A2408494|C.Aunchittha||T.Miyazawa|2024-09-19|2024-09-25|2024-09-27|2024-09-27||||NBMT|AIAP|Ms.Methira|Powertrain|"Water pump"|BWFS30-82X|NBMT|1|Investigation|"Investigation report of Leak Problem for NR Engine (WP) bearing No.BWFS30-82X (432) from AIAP (1pc.)"||8
APTX24287|A2408494|C.Aunchittha||T.Miyazawa|2024-09-19|2024-09-25|2024-09-27|2024-09-27||||NBMT|AIAP|Ms.Methira|Powertrain|"Water pump"|BWFS30-82X|NBMT|1|Investigation|"Investigation report of Leak Problem for NR Engine (WP) bearing No.BWFS30-82X (430) from AIAP (1pc.)"||8
APTX24286|-|M.Arisara|S.Ushimaru|T.Ikeda|2024-09-03|2024-09-20|2024-09-20|2024-09-23||||T-NSK|T-NSK_Auto|Mr.Miyagawa|General|-|-|||Other|"Activity FY2024 1Q_T-NSK_Auto"||17
APTX24285|-|M.Arisara|S.Ushimaru|T.Ikeda|2024-09-03|2024-09-20|2024-09-20|2024-09-23||||A/J|A/J|Mr.Murayama|General|-|-|||Other|"Activity FY2024 1Q_A/J"||17
APTX24284|-|M.Arisara|S.Ushimaru|T.Ikeda|2024-09-03|2024-09-20|2024-09-20|2024-09-23||||VN-NSK|VN-NSK|Mr.Kawamoto|General|-|-|||Other|"Activity FY2024 1Q_VN-NSK"||17
APTX24283|-|M.Arisara|S.Ushimaru|T.Ikeda|2024-09-03|2024-09-20|2024-09-20|2024-09-23||||Q-NSK|Q-NSK|Mr.Nakano|General|-|-||||"Activity FY2024 2Q_Q-NSK"||17
APTX24282|-|M.Arisara|S.Ushimaru|T.Ikeda|2024-09-03|2024-09-20|2024-09-20|2024-09-23||||NBI|NBI|Mr.Nagai|General|-|-||1||"Activity FY2024 2Q_NBI"||17
APTX24281|-|M.Arisara|S.Ushimaru|T.Ikeda|2024-09-03|2024-09-20|2024-09-20|2024-09-23||||NIS|NIS|Mr.Shimada|General|-|-||1|Other|"Activity FY2024 2Q_NIS"||17
APTX24280|-|M.Arisara|S.Ushimaru|T.Ikeda|2024-09-03|2024-09-20|2024-09-20|2024-09-23||||JK-NSK|JK-NSK|Mr.Endo|General|-|-||1|Other|"Activity FY2024 2Q_JK-NSK"||17
APTX24279|-|M.Arisara|S.Ushimaru|T.Ikeda|2024-09-03|2024-09-20|2024-09-20|2024-09-23||||A-NSK|A-NSK|Mr.Bradley|General|-|-||1|Other|"Activity FY2024 2Q_A-NSK"||17
APTX24278|-|M.Arisara|S.Ushimaru|T.Ikeda|2024-09-03|2024-09-20|2024-09-20|2024-09-23||||L-NSK|L-NSK|Mr.Takayama|General|-|-||1|Other|"Activity FY2024 2Q_L-NSK"||17
APTX24277|-|M.Arisara|S.Ushimaru|T.Ikeda|2024-09-03|2024-09-20|2024-09-20|2024-09-23||||NBMT|NBMT|Mr.Satou|General|-|-||1|Other|"Activity FY2024 2Q_NBMT"||17
APTX24276||T.Theera||F.Soda|2024-09-17|2024-09-17|2024-09-17|2024-09-19|2.0|1.0||NBMT|TMT|Ms.Methira|HUB|HUB3|58BWKH37|NBMT||"Tech report"|"Summary 58BWKH37E_claim_record to TMT (NTF activity)"||0
APTX24275|A2408498|L.Pawet|D.Setthawut|T.Miyazawa|2024-09-16|2024-09-17|2024-09-17|2024-09-18||||NBMT|BYD|Ms.Arisa|Powertrain|Transmission|6006C3|NBMT|2|"Localization test"|"Schedule plan Localization test for BYD bearing No.6006 (2 pcs.)"||1
APTX24274|A2408050|S.Nattiwat||F.Soda|2024-09-16|2024-09-17|2024-09-17|2024-09-24|8.0|16.0||Q-NSK||"Mr.Han Yik Chan"|HUB|HUB3|ZA-38HUBKS01By5|ISHIBE|1|Warranty|"Investigation Report of Rear Wheel Hub Bearing from Malaysia ZA-38HUBK01By5 "||1
APTX24273|A2408158|M.Supaporn||S.Ushimaru|2024-09-16|2024-09-20|2024-09-26|2024-09-27||||Q-NSK|"Amico bearings sdn bhd"|"Mr.Han Yik Chan"|IND|"CNC machine"|70BNR10ETYNDBLP4|"FUJISAWA SMALL"|2|Investigation|" Investigation of noise bearing in CNC turning machine"||10
APTX24272|A2408043|C.Aunchittha||T.Miyazawa|2024-09-16|2024-09-24|2024-10-01|2024-09-30||||NBMT|Bando|Ms.Methira|Powertrain|"Tensioner pulley"|70SPF03138||1|Investigation|"Investigation report of Tensioner due to abnormal noise for bearing No.70SPF03138 from Bando (1pc.)"||15
APTX24271|A2408042|C.Aunchittha||T.Miyazawa|2024-09-16|2024-09-23|2024-09-25|2024-09-25||||NBMT|Bando|Ms.Methira|Powertrain|"Tensioner pulley"|65SPF0329||1|Investigation|"Investigation report of Tensioner due to abnormal noise for bearing No.65SPF0329 from Bando (1pc.)"||9
APTX24270|A2408352|H.Supaporn||T.Miyazawa|2024-09-13|2024-09-27|2024-09-27|2024-09-27||||NBMT|"Valeo Automotive (Thailand) Co.,Ltd."|Ms.Methira|Powertrain|MCB|32BD4718DDUK|ISHIBE|2|Investigation|"Investigation report of MCB due to abnormal noise for bearing No.32BD4718DDUK from valeo (2pcs.)"||14
APTX24269|A2405578|S.Nuttapon|F.Soda|T.Ikeda|2024-09-11|2024-09-12|2024-09-13|2024-09-13|1.0|8.0||NBMT|Ford|Mr.Wachiranunt|HUB|HUB3|47KWD04U42|NBMT||Test|"Results of Ford T6 Front Wheel Bearing Fitting test"||2
APTX24268|A2408656|S.Muntana||S.Ushimaru|2024-09-11|2024-09-20|2024-09-26|2024-09-30||||L-NSK|Nidec|Mr.Chanawut|IND|Motor|608A15T1XGZZ1MC3ERU6U227||2|Investigation|"Investigation of abnormal noise motor bearings "||15
APTX24267|A2408050|S.Nattiwat||F.Soda|2024-09-09|2024-09-16|2024-09-17|2024-09-24|8.0|16.0||Q-NSK||"Mr.Han Yik Chan"|HUB|HUB3|ZA-59BWKHS10Vy5|NBMT|1|Warranty|"Investigation Report of Front Wheel Hub Bearing from Malaysia ZA-59BWKHS10Vy5 (1pc ABS)"||8
APTX24266|A2408108|S.Muntana|M.Supaporn|S.Ushimaru|2024-09-03|2024-09-10|2024-09-11|2024-09-16||||L-NSK|"SIAM KRAFT INDUSTRY CO., LTD."|Ms.Sirinya|IND|"Press bottom roll"|23248CAMKP55W507|"FUJISAWA GIANT"|1|Investigation|"Investigation of failed size press bottom roll bearing in paper machine"||8
APTX24265|A2408328|H.Supaporn||T.Miyazawa|2024-09-10|2024-09-17|2024-09-20|2024-09-20||||L-NSK|"Thai Honda"|Mr.Chanawut|IND|"Multiple Engine"|6205|H/F|2|Investigation|"Investigation report of motorcycle due to after the customer has test finished for bearing No.6205 BH 6 from Thai Honda (2pcs.)"||10
APTX24264|A2407948|E.Krittimet||S.Ushimaru|2024-09-10|2024-09-17|2024-09-20|2024-09-20||||L-NSK|"PIONEER MOTOR Co.,Ltd"|Mr.Ingkarat|IND|"Motor in Water Pump"|"6201T1XLZZCMR  H NS7S"|A/J|1|Investigation|"Investigation of noise motor bearing in water pump"||10
APTX24263|A2407804|S.Nuttapon||F.Soda|2024-09-04|2024-09-11|2024-09-13|2024-09-13|8.0|4.0||JK-NSK|HPM|"Mr.Edwin Saleh"|HUB|HUB1|51BWD01N|NBMT|1|Warranty|"Investigation Report of Returned Front Wheel Bearing from Indonesia - 51BWD01N (1pc)"||9
APTX24262|A2407804|S.Nuttapon||F.Soda|2024-09-04|2024-09-11|2024-09-13|2024-09-13|8.0|4.0||JK-NSK|HPM|"Mr.Edwin Saleh"|HUB|HUB1|38BWD27R|NBMI|1|Warranty|"Investigation Report of Returned Front Wheel Bearing from Indonesia - 38BWD27R (1pc)"||9
APTX24261|-|S.Nuttapon||F.Soda|2024-09-09|2024-09-16|2024-09-17||32.0|24.0||NBMT|TMT|Mr.Wachiranunt|HUB|"HUB III"|58BWKH37|NBMT||"Tech report"|"Evidence for judgement cause of FTA 58BWKH37"||8
APTX24260|XXXX|T.Miyazawa||T.Ikeda|2024-09-05|2024-09-09|2024-09-09|2024-09-09|1.0|1.0|1.0|NBMT|"BYD Auto Components (Thailand) Co., Ltd."|Mr.Watanabe|Powertrain|PHEV_DM4.0|HR6307UR3U454,6008C3|NBMT|2|Calculation|"Frequency calculation result of Bearing part for DM 4.0"|"BYD,FUDI,DM4.0,test, Sealion,"|4
APTX24259|A2404749|T.Theera||F.Soda|2024-09-05|2024-09-16|2024-09-19||92.0|8.0||NBMT|NMT|Mr.Wachiranunt|HUB|HUB3|41BWKH06Dy5|NBMT|4|Testing|"Evaluation Test Result of P02F Rear Wheel Bearing (Jiangyin 1 and Japan Material Approval) 41BWKH06"||14
APTX24258|A2407629|M.Supaporn||S.Ushimaru|2024-09-05|2024-09-13|2024-09-20|2024-09-19||||L-NSK|"THAI POLYCARBONATE"|Mr.Ingarat|IND|"Step up gear"|"N221M, N317M"|"FUJISAWA LARGE"|2|Investigation|"Investigation of abnormal noise and high vibration in bearing"||15
APTX24257|-|S.Muntana||S.Ushimaru|2024-08-29|2024-09-04|2024-09-04|2024-09-06||||L-NSK|"Sahaviriya Plate Mill Public Co., Ltd."|Ms.Kritsana|IND|"BUR of Hot leveler"|24130CAME4C3S11|FUKUSHIMA|1|"Tech report"|"Oil air supply amount in BUR of Hot leveler
"||6
APTX24256|A2408063|T.Theera||F.Soda|2024-09-04|2024-09-05|2024-09-09|2024-09-09|6.0|2.0||NBMT|TMT|Ms.Methira|HUB|HUB3|58BWKH37|NBMT|1|Warranty|"Investigation Report of Front Wheel Hub Bearing from Thailand 58BWKH37E 1pc. (TMT) NTF"||5
APTX24255||S.Ushimaru||T.Ikeda|2024-09-03|2024-09-03|2024-09-03|2024-09-05||||"CAD IGT"|||General|||||Other|"Q2 Activity report FY2024_CAD IGT"||0
APTX24254|A2408156|D.Setthawut|H.Supaporn|T.Miyazawa|2024-09-03|2024-09-10|2024-09-10|2024-09-09||||NBMT|BYD|Mr.Watanabe|Powertrain|"Transmission Bearing"|TM306|NBMT|3|Investigation|"Inv_BYD_FUDI_NT18_NG unit_TM306"||7
APTX24253|A2407913|L.Peerapat||F.Soda|2024-08-26|2024-09-03|2024-09-10|2024-09-10|24.0|8.0|8.0|NBMT|IMCT|Ms.Arisa|HUB|"HUB 2.5"|48KWH02By2U42+X2|NBMT|1|Investigation|"Investigation Report of Abnormal Noise Claim of Front Wheel Bearing for RG01 4WD (48KWH02ByU42+X2)"||15
APTX24252|A2407045|C.Aunchittha||T.Miyazawa|2024-09-02|2024-09-05|2024-09-17|2024-09-17||||NBMT|Bando|Ms.Methira|Powertrain|"Tensioner pulley"|70SPF03112||2|Investigation|"Investigation report of tensioner due to abnormal noise for bearing No.70SPF03112 from Bando (2pcs.)"||15
APTX24251||S.Ushimaru|S.Ushimaru|T.Ikeda|2024-08-30|2024-08-30|2024-08-30|2024-08-30|||||JTT||IND|Railway||||"Tech report"|"Oil Tank for Washing process
"||0
APTX24250||F.Soda|S.Nuttapon|F.Soda|2024-08-28|2024-08-29|2024-08-29|2024-08-29||||NBMT|TMT||HUB|HUB3|58BWKH37|NBMT||"Tech report"|"FTA for noise generation due to Cat's eye flaking"||1
APTX24249|A2407453|S.Nattiwat||F.Soda|2024-08-26|2024-08-28|2024-08-29|2024-08-29|16.0|8.0||JK-NSK|TMMIN|"Mr.Edwin Saleh"|HUB|HUB1|43KWD07AU42|NBMT|1|Warranty|"Investigation Report of IMV Front Wheel Hub Bearing from Indonesia 43KWD07"||3
APTX24248|-|M.Piyawan||S.Ushimaru|2024-08-27||2024-10-31|2024-10-31||||"CAD IGT"|-|||-|-|||Other|"E-BOM manual"||65
APTX24247|A2407785|E.Krittimet||S.Ushimaru|2024-08-27|2024-09-09|2024-09-13|2024-09-13||||L-NSK|Panasonic|Mr.Ingkarat|IND|"Motor air"|"608T1XZZ1MC4ERU6U227 J NSCL"|A/J|2|Investigation|"Investigation of abnormal noise motor bearings in motor air application"||17
APTX24246||S.Ushimaru|S.Ushimaru|T.Ikeda|2024-08-26|2024-08-26|2024-08-26|2024-08-26||||L-NSK|"Murata Electronics (Thailand), Ltd."|"Mr.Hiroki Hasegawa"|IND|||||"Tech calculation report"|"Failure of 7900A5TYNSULP4 for coil winding"||0
APTX24245|A2404989|S.Nuttapon||F.Soda|2024-08-16|2024-08-26|2024-08-27|2024-08-28|40.0|8.0||NBMT|TMT|Ms.Methira|HUB|"HUB III"|58BWKH37|NBMT|5|Warranty|"Investigation Report of Front Wheel Hub Bearing from Malaysia 58BWKH37 (5pcs)"||11
APTX24244|A2407788|L.Pawet|D.Setthawut|T.Ikeda|2024-08-21|2024-08-27|2024-08-27|2024-08-27||||NBMT|BYD|Mr.Watanabe|Powertrain|"Transmission bearing"|HTF6207|NBMT|2|Investigation|"Investigation report of transmission bearing due to abnormal noise for bearing No.HTF6207(2pcs.) from BYD (Co-investigation)"||6
APTX24243|A2407627|S.Muntana||S.Ushimaru|2024-08-23|2024-08-23|2024-08-26|2024-08-26||||L-NSK|"Sahaviriya Plate Mill Public Co., Ltd."|Ms.Kritsana|IND|"BUR of finish mill"|24130CAME4C3S11|FUKUSHIMA|1|Investigation|"Investigation of failed backup roll bearing of hot leveler"||3
APTX24242|A2404989|S.Nattiwat||F.Soda|2024-08-13|2024-08-23|2024-08-27|2024-08-26|32.0|8.0||NBMT|TMT|"Ms.Methira Khamluerit"|HUB|HUB3|58BWKH37|NBMT|5|Warranty|"Investigation Report of Front Wheel Hub Bearing from Malaysia (58BWKH37)"||14
APTX24241|A2407603|E.Krittimet||S.Ushimaru|2024-08-22|2024-09-04|2024-09-05|2024-09-06||||L-NSK|Mitsubishi|Mr.Ingkarat|IND|"Fan motor"|"608A23T1XGZZ1MC3ERSNU6U227U380A J2 NSCU"|A/J|2|Investigation|"Investigation of abnormal noise motor bearings in fan motor application after used 6 days"||14
APTX24240|A2407498|E.Krittimet||S.Ushimaru|2024-08-20|2024-09-22|2024-09-29|2024-09-29||||L-NSK|Siamkraft|Mr.Prateep|IND|"Press bottom row"|23260CAMKE4C3S11|"FUJISAWA GIANT"|1|Investigation|"Investigation of failed press bottom roll PM17 bearing after 3 years operation"|"Returned to customer"|40
APTX24239|A2407500|S.Muntana||S.Ushimaru|2024-08-16|2024-08-20|2024-08-26|2024-08-26||||L-NSK|"Sahaviriya Plate Mill Public Co., Ltd."|Ms.Kritsana|IND|"Work roll of finish mill"|343KV4555E2GS3CG100|"FUJISAWA GIANT"|1|Investigation|"Investigation of Work Roll Bearing for finishing mill (VF-43)"||10
APTX24238|A2407045|C.Aunchittha||T.Miyazawa|2024-08-19|2024-08-26|2024-08-29|2024-08-29||||NBMT|Bando|Ms.Methira|Powertrain|"Tensioner pulley"|65SPF0329|NBMT|1|Investigation|"Investigation report of TP bearing due to abnormal noise bearing No.65SPF0329 from Bando (1pc.)"||10
APTX24237|A2402214|L.Peerapat||F.Soda|2024-06-24|2024-08-26|2024-09-11|2024-09-30|120.0|120.0|8.0|NBMT|AAT|Ms.Nutcha|HUB|"HUB 3"|61BWKH01E|NBMT|6|Test|"General Durability Test Result of J59T Rear Wheel Bearing (MES PA 3304X B-draft 7.3.3)"|"Evaluation Test Report for Jiangyin 1 and Japan Material Approval, Vehicle Mazda 3"|79
APTX24236||T.Theera||F.Soda|2024-06-18|2024-08-16|2024-08-23|2024-08-23|1.0|92.5||NBMT|NBMT||HUB|HUB3||||"Educational document"|"Axial Clearance for HUB Bearing "|"Document for internal training "|66
APTX24235|A2404989|T.Theera||F.Soda|2024-08-16|2024-08-26|2024-08-26|2024-08-26|15.0|8.0||NBMT|TMT|Ms.Methira||HUB3|58BWKH37||5|Warranty|"Investigation Report of Front Wheel Hub Bearing from Malaysia 58BWKH37E 5pcs. (TMT-Malaysia)"||10
APTX24234|A2406473|T.Theera||F.Soda|2024-08-16|2024-08-22|2024-08-22|2024-08-26|8.0|4.0||NBMT|TMT|Ms.Methira|HUB|HUB3|58BWKH37E|NBMT|1|Warranty|"Investigation Report of Front Wheel Hub Bearing from Thailand 58BWKH37E 1pc. (TMT)"||6
APTX24233|-|S.Muntana||S.Ushimaru|2024-07-24|2024-08-14|2024-08-14|2024-08-20||||L-NSK|NS-SUS|Mr.Sanpetch|IND|"Leveling Roll"|110KF1701C3|"FUJISAWA SMALL"||"Tech report"|"How to measure axial clearance for double row taper roller bearing"||21
APTX24232|A2407008|S.Nuttapon||F.Soda|2024-08-05|2024-08-09|2024-08-09|2024-08-16|30.0|8.0||NBMT|TMT|Mr.Wachiranunt|HUB|HUB1|42KWD11|NBMT|1|Investigation|"Investigation Report of Vehicle Evaluation Test for IMV Rear Wheel Hub Bearing 42KWD11 (1pc)
"||4
APTX24231|-|T.Miyazawa||T.Ikeda|2024-08-01|2024-08-08|2024-08-08||1.0|6.0|1.0|JK-NSK|DDMI|Mr.Sambuichi|Powertrain|CVT|B32-72|NBMT|1|Test|"Result of test for small snap ring groove issue of 9004A-36140(B32-72NX)
"|"DDMI B32-72 D11K Daihatsu snap ring "|7
APTX24230|A2407382|M.Supaporn||S.Ushimaru|2024-08-07|2024-08-30|2024-09-11|2024-08-28||||L-NSK|"THAI ASAHI KASAI SPANDEX CO., LTD."|Mr.Prateep|IND|"False Twister"|"6902VVC3** ENSL"|IJK|1|Investigation|"Investigation of failed bearing in false twister (3 pcs.)"||35
APTX24229|A2406449|M.Supaporn||S.Ushimaru|2024-08-07|2024-08-20|2024-08-23|2024-08-28||||L-NSK|"Fasco motor"|Mr.Ingarat|IND|"Laundry Fan"|"6203T1XLDDGCE J EA6L"|A/J|4|Investigation|"Investigation of bearing laundry fan condition after test finished."||16
APTX24228||F.Soda||F.Soda|2024-08-07|2024-08-08|2024-08-08|2024-08-08||||NBMT|TMT||HUB|HUB3|58BWKH37y5|NBMT||"Tech report"|"Mechanism of Flaking"|"Use in NBMT report"|1
APTX24227|A2406947|S.Muntana||S.Ushimaru|2024-07-31|2024-08-07|2024-08-08|2024-08-09||||L-NSK|"Seiko Instruments (Thailand) Ltd."||Precision|"HUB sleeve"|"DIK2005E-6QZRRG0+513LC3 (THK)"||1|Investigation|"Investigation for confirm condition of ball screw in CNC machine"||8
APTX24226|A2406474|C.Aunchittha||T.Miyazawa|2024-08-06|2024-08-15|2024-08-30|2024-08-30||||NBMT|AIAP|Ms.Methira|Powertrain|"Water pump"|BWFS30-82X|NBMT|1|Investigation|"Investigation report of Leak Problem for NR Engine (WP) bearing No.BWFS30-82X (351) from AIAP (1pc.)"||24
APTX24225|A2406474|C.Aunchittha||T.Miyazawa|2024-08-06|2024-08-15|2024-08-30|2024-08-30||||NBMT|AIAP|Ms.Methira|Powertrain|"Water pump"|BWFS30-82X|NBMT|1|Investigation|"Investigation report of Leak Problem for NR Engine (WP) bearing No.BWFS30-82X (350) from AIAP (1pc.)"||24
APTX24224|A2406474|C.Aunchittha||T.Miyazawa|2024-08-06|2024-08-15|2024-08-30|2024-08-30||||NBMT|AIAP|Ms.Methira|Powertrain|"Water pump"|BWFS30-82X|NBMT|1|Investigation|"Investigation report of Leak Problem for NR Engine (WP) bearing No.BWFS30-82X (349) from AIAP (1pc.)"||24
APTX24223|A2406474|C.Aunchittha||T.Miyazawa|2024-08-06|2024-08-15|2024-08-30|2024-08-30||||NBMT|AIAP|Ms.Methira|Powertrain|"Water pump"|BWFS30-82X|NBMT|1|Investigation|"Investigation report of Leak Problem for NR Engine (WP) bearing No.BWFS30-82X (348) from AIAP (1pc.)"||24
APTX24222|A2406474|C.Aunchittha||T.Miyazawa|2024-07-30|2024-08-07|2024-08-23|2024-08-23||||NBMT|AIAP|Ms.Methira|Powertrain|"Water pump"|BWFS30-82X|NBMT|1|Investigation|"Investigation report of Leak Problem for NR Engine (WP) bearing No.BWFS30-82X (324) from AIAP (1pc.)"||24
APTX24221|A2406474|C.Aunchittha||T.Miyazawa|2024-07-30|2024-08-07|2024-08-23|2024-08-23||||NBMT|AIAP|Ms.Methira|Powertrain|"Water pump"|BWFS30-82X|NBMT|1|Investigation|"Investigation report of Leak Problem for NR Engine (WP) bearing No.BWFS30-82X (323) from AIAP (1pc.)"||24
APTX24220|A2406474|C.Aunchittha||T.Miyazawa|2024-07-30|2024-08-07|2024-08-23|2024-08-23||||NBMT|AIAP|Ms.Methira|Powertrain|"Water pump"|BWFS30-89|NBMT|1|Investigation|"Investigation report of Leak Problem for NR Engine (WP) bearing No.BWFS30-82X (322) from AIAP (1pc.)"||24
APTX24219|A2406474|C.Aunchittha||T.Miyazawa|2024-07-30|2024-08-07|2024-08-23|2024-08-23||||NBMT|AIAP|Ms.Methira|Powertrain|"Water pump"|BWFS30-82X|NBMT|1|Investigation|"Investigation report of Leak Problem for NR Engine (WP) bearing No.BWFS30-82X (321) from AIAP (1pc.)"||24
APTX24218|A2406474|C.Aunchittha||T.Miyazawa|2024-07-30|2024-08-07|2024-08-23|2024-08-23||||NBMT|AIAP|Ms.Methira|Powertrain|"Water pump"|BWFS30-82X|NBMT|1|Investigation|"Investigation report of Leak Problem for NR Engine (WP) bearing No.BWFS30-82X (320) from AIAP (1pc.)"||24
APTX24217|A2406474|C.Aunchittha||T.Miyazawa|2024-07-30|2024-08-07|2024-08-23|2024-08-23||||NBMT|AIAP|Ms.Methira|Powertrain|"Water pump"|BWFS30-82X|NBMT|1|Investigation|"Investigation report of Leak Problem for NR Engine (WP) bearing No.BWFS30-82X (319) from AIAP (1pc.)"||24
APTX24216|A2406474|C.Aunchittha||T.Miyazawa|2024-07-30|2024-08-07|2024-08-23|2024-08-23||||NBMT|AIAP|Ms.Methira|Powertrain|"Water pump"|BWFS30-82X|NBMT|1|Investigation|"Investigation report of Leak Problem for NR Engine (WP) bearing No.BWFS30-82X (318) from AIAP (1pc.)"||24
APTX24215|A2406474|C.Aunchittha||T.Miyazawa|2024-07-30|2024-08-07|2024-08-23|2024-08-23||||NBMT|AIAP|Ms.Methira|Powertrain|"Water pump"|BWFS30-82X|NBMT|1|Investigation|"Investigation report of Leak Problem for NR Engine (WP) bearing No.BWFS30-82X (317) from AIAP (1pc.)"||24
APTX24214|A2406474|C.Aunchittha||T.Miyazawa|2024-07-30|2024-08-07|2024-08-23|2024-08-23||||NBMT|AIAP|Ms.Methira|Powertrain|"Water pump"|BWFS30-82X|NBMT|1|Investigation|"Investigation report of Leak Problem for NR Engine (WP) bearing No.BWFS30-82X (316) from AIAP (1pc.)"||24
APTX24213|A2406474|C.Aunchittha||T.Miyazawa|2024-07-30|2024-08-07|2024-08-23|2024-08-23||||NBMT|AIAP|Ms.Methira|Powertrain|"Water pump"|BWFS30-82X|NBMT|1|Investigation|"Investigation report of Leak Problem for NR Engine (WP) bearing No.BWFS30-82X (315) from AIAP (1pc.)"||24
APTX24212|A2406474|C.Aunchittha||T.Miyazawa|2024-07-30|2024-08-07|2024-08-23|2024-08-23||||NBMT|AIAP|Ms.Methira|Powertrain|"Water pump"|BWFS30-82X|NBMT|1|Investigation|"Investigation report of Leak Problem for NR Engine (WP) bearing No.BWFS30-82X (314) from AIAP (1pc.)"||24
APTX24211|A2406260|T.Theera||F.Soda|2024-08-02|2024-08-16|2024-08-16|2024-08-16|10.0|2.0||JK-NSK|TMMIN|"Mr.Edwin Saleh"|HUB|HUB1|43KWD07A|NBMT|2|Warranty|"Evidence for Reject Investigate Bearing from Indonesia. 43KWD07A"|"Reject Investigate"|14
APTX24210|A2402508|S.Nattiwat||F.Soda|2024-05-06|2024-07-17|2024-07-24|2024-07-19|24.0|8.0||NBMT|TMT|"Ms.Methira Khamluerit"|HUB|HUB3|58BWKH37|NBMT|4|Warranty|"Investigation Report of Front Wheel Hub Bearing from Thailand 58BWKH37E "||79
APTX24209|A2407034|L.Pawet|D.Setthawut|T.Miyazawa|2024-07-17|2024-08-01|2024-08-06|2024-08-05||||NBMT|BYD|Ms.Methira|Powertrain|Transmission|"HR6307QTF & HTF6207"|NBMT|8|Investigation|"Investigation report of transmission bearing due to abnormal noise for bearing No.HR6307QTF(3pcs.) & HTF6207(5pcs.) from BYD."||20
APTX24208|A2406703|S.Nuttapon||F.Soda|2024-07-30|2024-08-02|2024-08-02|2024-08-12|16.0|8.0||JK-NSK|TMMIN|"Mr.Edwin Saleh"|HUB|HUB1|43KWD07A|NBMT|2|Warranty|"Investigation Report of IMV Front Wheel Hub Bearing from Indonesia 43KWD07 (2pcs)"||3
APTX24207|A2406259|S.Nattiwat||F.Soda|2024-07-25|2024-07-31|2024-08-02|2024-08-02|16.0|8.0||JK-NSK|TMMIN|"Mr.Edwin Saleh"|HUB|HUB1|43KWD07A|NBMT|2|Warranty|"Investigation Report of IMV Front Wheel Hub Bearing from Indonesia 43KWD07A"||8
APTX24206|A2404989|T.Theera||F.Soda|2024-07-16||2024-07-25|2024-07-25|12.0|4.0||NBMT|TMT|Ms.Methira|HUB|HUB3|58BWKH37|NBMT|2|Warranty|"Investigation Report of Front Wheel Hub Bearing from Malaysia 58BWKH37 2pcs."||9
APTX24205|A2406099|S.Nuttapon||F.Soda|2024-07-12|2024-07-17|2024-07-24|2024-07-18|24.0|4.0||NBMT|TMT|Ms.Methira|HUB|"HUB III"|58BWKH37|NBMT|3|Warranty|"Investigation Report of Front Wheel Hub Bearing from Thailand 58BWKH37 3pcs"||12
APTX24204|A2406101|C.Aunchittha||T.Miyazawa|2024-07-15|2024-07-30|2024-08-02|2024-08-02||||NBMT|AIAP|Ms.Methira|Powertrain|"Water pump"|BWFS30-82X|NBMT|6|Investigation|"Seal wear observation Report for NR Engine (WP) bearing No. BWFS30-82X from AIAP (6pcs.)"||18
APTX24203|A2405168|S.Nuttapon||F.Soda|2024-06-17|2024-07-11|2024-07-12|2024-07-17|20.0|8.0||NBMT|HATC|Mr.Jakkrit|HUB|"HUB III"|47BWKH02Ly5|NBMT|3|Testing|"Evaluation Test Results for Rear Wheel Bearing
[Change Induction Hardening Process from In-house to ATSUMI]
47BWKH02L"||25
APTX24202|A2406093|L.Pawet|D.Setthawut|T.Miyazawa|2024-07-10|2024-07-26|2024-07-25|2024-07-26||||NBMT|AIAP|Ms.Methira|Powertrain|"Water pump"|"BWFS30-82X-A-R1-01LBC WPHSV"|NBMT|1|Investigation|"Investigation report of Leak Problem for NR Engine (WP) bearing No.BWFS30-82XInvestigation report of Leak Problem for NR Engine (WP) bearing No.BWFS30-82X (302) from AIAP (1pc.) from AIAP (1pc.)"||15
APTX24201|A2406093|L.Pawet|D.Setthawut|T.Miyazawa|2024-07-10|2024-07-26|2024-07-25|2024-07-26||||NBMT|AIAP|Ms.Methira|Powertrain|"Water pump"|"BWFS30-82X-A-R1-01LBC WPHSV"|NBMT|1|Investigation|"Investigation report of Leak Problem for NR Engine (WP) bearing No.BWFS30-82X Investigation report of Leak Problem for NR Engine (WP) bearing No.BWFS30-82X (301) from AIAP (1pc.) from AIAP (1pc.)"||15
APTX24200|A2406093|L.Pawet|D.Setthawut|T.Miyazawa|2024-07-10|2024-07-26|2024-07-25|2024-07-26||||NBMT|AIAP|Ms.Methira|Powertrain|"Water pump"|"BWFS30-82X-A-R1-01LBC WPHSV"|NBMT|1|Investigation|"Investigation report of Leak Problem for NR Engine (WP) bearing No.BWFS30-82X (300) from AIAP (1pc.)"||15
APTX24199|A2406093|L.Pawet|D.Setthawut|T.Miyazawa|2024-07-10|2024-07-26|2024-07-25|2024-07-26||||NBMT|AIAP|Ms.Methira|Powertrain|"Water pump"|"BWFS30-82X-A-R1-01LBC WPHSV"|NBMT|1|Investigation|"Investigation report of Leak Problem for NR Engine (WP) bearing No.BWFS30-82X (299) from AIAP (1pc.)"||15
APTX24198|A2406093|L.Pawet|D.Setthawut|T.Miyazawa|2024-07-10|2024-07-26|2024-07-25|2024-07-26||||NBMT|AIAP|Ms.Methira|Powertrain|"Water pump"|"BWFS30-82X-A-R1-01LBC WPHSV"|NBMT|1|Investigation|"Investigation report of Leak Problem for NR Engine (WP) bearing No.BWFS30-82X (298) from AIAP (1pc.)"||15
APTX24197|A2406092|C.Aunchittha||T.Miyazawa|2024-07-08|2024-07-10|2024-07-12|2024-07-12||||NBMT|AIAP|Ms.Methira|Powertrain|"Water pump"|BWFS30-82X|NBMT|1|Investigation|"Investigation report of Leak Problem for WP bearing No.BWFS30-82X from AIAP (1pc.)"||4
APTX24196|A2405926|C.Aunchittha||T.Miyazawa|2024-07-08|2024-07-15|2024-07-26|2024-07-26||||NBMT|Bando|Ms.Methira|Powertrain|"Tensioner pulley"|65SPF0329|NBMT|2|Investigation|"Investigation report of Noise Problem for TP bearing No.65SPF0329 from Bando (1pc.)"||18
APTX24195|A2405843|L.Pawet|D.Setthawut|T.Miyazawa|2024-07-05|2024-07-12|2024-07-15|2024-07-15||||JK-NSK|"PT AKASHI WAHANA INDONESIA"|Mr.Edwin|Powertrain|"Clutch release"|44TKZ2801J1|ISHIBE|3|Investigation|"Investigation report for Clutch Release Bearing No.44TKZ2801J1 ENSSJ from PT AKASHI WAHANA INDONESIA"||10
APTX24194|A2402169|S.Nattiwat||F.Soda|2024-06-25|2024-06-30|2024-07-09|2024-07-26|32.0|10.0||NBMT|TMT|"Ms.Methira Khamluerit"|HUB|HUB3|49BWKHS79|NBMT|1|Testing|"Evaluation Test Result of 764W Rear Wheel Bearing [Japan (KOBE) material approval maximum clearance confirmation] (49BWKHS79)"||14
APTX24193||F.Soda||F.Soda|2024-07-02|2024-07-08|2024-07-08|2024-07-08||||NBMT|TMT(CBT)||HUB|HUB3|58BWKH37y5|NBMT||"Tech report"|"The increase in the claim rate of 58BWKH37Ey5 in NBMT"|Internal|6
APTX24192|A2405773|H.Supaporn||T.Miyazawa|2024-07-02|2024-07-02|2024-07-02|2024-07-02||||JK-NSK|"PT Daihatsu Drivetrain Manufacturing Indonesia"|"Mr.Edwin Saleh"|Powertrain|"Transmission Bearing"|"6210A12CG40A**UR5 LB      J"|NBMT|1|Investigation|"Initial Report of Transmission Bearing due to Abnormal noise"||0
APTX24191||E.Watanabe|||2024-07-01||||||||||||||||トヨタのシール共通化|後から修正|
APTX24190|A2405578|S.Nuttapon||F.Soda|2024-06-27|2024-07-15|2024-07-16|2024-07-16|1.0|4.0||NBMT|FMC|Mr.Wachiranunt|HUB|HUB1|47KWD04|NBMT||"Testing (Schedule)"|"Evaluation Test Schedule of U/P375 Front Wheel Bearing (Re-test fitting test) 47KWD04"||19
APTX24189|A2405536|C.Aunchittha||T.Miyazawa|2024-06-26|2024-07-02|2024-07-05|2024-07-05||||NBMT|Bando|Ms.Methira|Powertrain|"Tensioner pulley"|70SPF03112|NBMT|1|Investigation|"Investigation report of Noise Problem for TP bearing No.70SPF03112 from Bando (1pc.)"||9
APTX24188|A2405578|S.Nuttapon||F.Soda|2024-06-25|2024-06-25|2024-07-02|2024-07-02|1.0|5.0||NBMT|FMC|Mr.Wachiranunt|HUB|HUB1|47KWD04|NBMT||"Tech report"|"Prototype Production Specification FORD F/W 4x2 & 4&4 T-HUB1 Re-test fitting test"||7
APTX24187|A2406639|M.Supaporn|E.Krittimet|S.Ushimaru|2024-07-16|2024-08-01|2024-08-05|2024-08-05||||L-NSK|"HMC POLYMER "|Mr.Prateep|IND|"Shaft for main gear reducer of extruder unit"|"23252BCAME4C3 P53S-O"|"FUJISAWA GIANT"|2|Investigation|"Investigation of failed noise bearing in main gear reducer of extruder unit"|"Bearing was returned to customer"|20
APTX24186|A2403534|D.Setthawut|L.Pawet|T.Miyazawa|2024-06-21|2024-06-27|2024-06-28|2024-07-03||||NBMT|BYD|Mr.Watanabe|Powertrain|Transmission|HR6307QTF|NBMT|4|Testing|"Durability test result_e-Axle unit [NT30]_HR6307QTF"||7
APTX24185|A2402100|S.Nattiwat|L.Peerapat|F.Soda|2024-06-03|2024-06-20|2024-06-25|2024-06-28|32.0|16.0||NBMT|ITA|"Mr.Wachiranunt Keawrakon"|HUB|HUB2.5|48KWH01A+X2|NBMT|3|Testing|"Results of Turning Durability Test of New Material Source Application [Jiangyin 1 and Japan Material Approval] "||22
APTX24184|A2403521|S.Nattiwat||F.Soda|2024-06-01|2024-06-26|2024-06-27|2024-06-28|24.0|10.0||Q-NSK|HMSB|"Mr.Kian Hoe Choo"|HUB|"HUB III"|55BWKH33A|NBMT|2|Warranty|"Hardness and brinelling depth confirmation of Rear Wheel Bearing from Malaysia 55BWKH33A"||26
APTX24183|A2405060|C.Aunchittha||T.Miyazawa|2024-06-19|2024-06-25|2024-07-01|2024-07-01||||NBMT|Bando|Ms.Methira|Powertrain|"Tensioner pulley"|65SPF0329|NBMT|1|Investigation|"Investigation report of Noise Problem for TP bearing No.65SPF0329 from Bando (1pc.)"||12
APTX24182|A2403521|T.Miyazawa||T.Ikeda|2024-06-18|2024-06-18|2024-06-20|2024-06-20||||JK-NSK|DDMI|Mr.Edwin|Powertrain|Transmission|B32-72NX|NBMT||Testing|"Result of test for small snap ring groove issue of 9004A-36140(B32-72NX)"||2
APTX24181|A2403840|T.Miyazawa||T.Ikeda|2024-06-17|2024-06-27|2024-06-28|2024-06-28||||NBMT|ฺBYD|Mr.Watanabe|Powertrain|Transmission|6008C3|NBMT||Testing|"Durability test result_e-Axle_FUDI_6008C3"||11
APTX24180|A2405732|M.Supaporn||S.Ushimaru|2024-06-13|2024-06-19|2024-06-28|2024-06-24||||L-NSK|"Siam Kraft Industry Co., Ltd."|Mr.Prateep|IND|"Press Felt Guide Roll"|HR58KBE52X+LC3|"FUJISAWA LARGE"|1|Investigation|"Investigation of failed bearing in press felt guide roll"||15
APTX24179|A2405787|E.Krittimet|M.Supaporn|S.Ushimaru|2024-06-17|2024-06-19|2024-06-26|2024-06-26||||L-NSK|"G Steel Public Co., Ltd."||IND||||1||"On-site investigation of failed WR bearing (EC-188)"||9
APTX24178|-|M.Arisara|S.Ushimaru|T.Ikeda|2024-06-14|2024-06-21|2024-06-24|2024-06-28||||"CAD IGT"|"CAD IGT"|Mr.Tanaka|General||||1|Other|"Q1 Activity report FY2024_CAD IGT"||10
APTX24177|-|M.Arisara|S.Ushimaru|T.Ikeda|2024-06-14|2024-06-21|2024-06-24|2024-06-21||||T-NSK|T-NSK||General||||1|Other|"Q1 Activity report FY2024_T-NSK"||10
APTX24176|-|M.Arisara|S.Ushimaru|T.Ikeda|2024-06-14|2024-06-21|2024-06-24|2024-06-28||||A/J|A/J|Mr.Murayama|General||||1|Other|"Q1 Activity report FY2024_A/J"||10
APTX24175|-|M.Arisara|S.Ushimaru|T.Ikeda|2024-06-14|2024-06-21|2024-06-24|2024-06-28||||VN-NSK|VN-NSK|Mr.Kawamoto|General||||1|Other|"Q1 Activity report FY2024_VN-NSK"||10
APTX24174|-|M.Arisara|S.Ushimaru|T.Ikeda|2024-06-14|2024-06-21|2024-06-24|2024-06-28||||Q-NSK|Q-NSK|Mr.Nakano|General||||1|Other|"Q1 Activity report FY2024_Q-NSK"||10
APTX24173|-|M.Arisara|S.Ushimaru|T.Ikeda|2024-06-14|2024-06-21|2024-06-24|2024-06-28||||NBI|NBI|Mr.Paluru|General||||1|Other|"Q1 Activity report FY2024_NBI"||10
APTX24172|-|M.Arisara|S.Ushimaru|T.Ikeda|2024-06-14|2024-06-21|2024-06-24|2024-06-28||||NIS|NIS|Mr.Shimada|General||||1|Other|"Q1 Activity report FY2024_NIS"||10
APTX24171|-|M.Arisara|S.Ushimaru|T.Ikeda|2024-06-14|2024-06-21|2024-06-24|2024-06-28||||JK-NSK|JK-NSK|Mr.Endo|General||||1|Other|"Q1 Activity report FY2024_JK-NSK"||10
APTX24170|-|M.Arisara|S.Ushimaru|T.Ikeda|2024-06-14|2024-06-21|2024-06-24|2024-06-28||||A-NSK|A-NSK|Mr.Bradley|General||||1|Other|"Q1 Activity report FY2024_A-NSK"||10
APTX24169|-|M.Arisara|S.Ushimaru|T.Ikeda|2024-06-14|2024-06-21|2024-06-24|2024-06-28||||L-NSK|L-NSK|Mr.Sangchai|General||||1|Other|"Q1 Activity report FY2024_L-NSK"||10
APTX24168|-|M.Arisara|S.Ushimaru|T.Ikeda|2024-06-14|2024-06-21|2024-06-24|2024-06-28||||NBMT|NBMT|Mr.Poopol|General||||1|Other|"Q1 Activity report FY2024_NBMT"||10
APTX24167|A2405228|E.Krittimet||S.Ushimaru|2024-06-13|2024-07-05|2024-07-09|2024-07-09||||L-NSK|"PIONEER MOTOR Co.,Ltd"|Mr.Ingkarat|IND|"Motor pump"|"6203DDUC3ER NS7S"|A/J|4|Investigation|"Investigation of abnormal noise after assembling in motor pump "||26
APTX24166||T.Miyazawa|S.Sukanya|T.Ikeda|2024-06-12|2024-06-13|2024-06-13|2024-06-13|10.0|7.0|3.0|JK-NSK|DDMI|Mr.Sambuichi|Powertrain|CVT|B32-72|NBMT|1|Investigation|"Investigation result of provided snap ring and bearing for small snap ring groove issue of 9004A-36140(B32-72NX)"|"snap ring, DDMI, axial load, D11K"|1
APTX24165|A2405056|S.Nuttapon||F.Soda|2024-06-05|2024-06-11|2024-06-14|2024-06-14|16.0|8.0||NBMT|TMT|Mr.Wachiranunt|HUB|"HUB I"|42KWD11|NBMT|1|Investigation|"Investigation Report of IMV Rear Wheel Hub Bearing from Malaysia 42KWD11 (1pc)"||9
APTX24164|A2405833|M.Supaporn|M.Arisara|S.Ushimaru|2024-06-11|2024-06-11|2024-07-12|2024-06-21||||L-NSK|SRT|Mr.Prateep|IND|"Traction motor"|"/KE/NH318EHDA2-TM02 and /KE/NU328HD2MC5P-01"||1|"Tech report"|"Handling of bearings for traction motors with electrically insulated outer rings"||31
APTX24163||S.Ushimaru|||2024-06-09|2024-06-09|2024-06-09|2024-06-09||||L-NSK|"PT Components"||IND|CMS||||"Tech report"|"Introduction of Condition monitoring business"|"For Bearing seminar hosted by PT Components on 20th June 2024"|0
APTX24162|A2404449|L.Pawet|D.Setthawut|T.Miyazawa|2024-05-27|2024-06-14|2024-06-14|2024-06-14||||NBMT|AIAT|"Ms.Methira Khamluerit"|Powertrain|"Transmission bearing"|"HR32010XJA1 LC3T"|SAITAMA|1|Investigation|"Investigation report of transmission bearing due to abnormal noise for bearing No.HR32010XJA1 from Aisin Autoparts (1pc.)"||18
APTX24161|A2404449|L.Pawet|D.Setthawut|T.Miyazawa|2024-05-27|2024-06-14|2024-06-14|2024-06-14||||NBMT|AIAT|"Ms.Methira Khamluerit"|Powertrain|"Transmission bearing"|34TM08NXG29**S-01LB|NBMT|1|Investigation|"Investigation report of transmission bearing due to abnormal noise for bearing No.34TM08 from Aisin Autoparts (1pc.)"||18
APTX24160||S.Ushimaru|||2024-06-07|2024-06-07|2024-06-07|2024-06-07||||L-NSK|||IND|||||"Tech report"|"Bearing Selection for Thai Fine Sinter Co.,Ltd."|"Thai Fine Sinter Co.,Ltd."|0
APTX24159|A2405168|S.Nuttapon||F.Soda|2024-06-06|2024-06-07|2024-06-07|2024-06-07|1.0|8.0||NBMT|HATC|Mr.Jakkrit|HUB|"HUB III"|47BWKH02Ly5|NBMT||"Tech report"|"Sample-Making Request for Evaluation Test for Project Change Induction Hardening Process from In-house(NBMT) to Atsumi"||1
APTX24158|A2404989|S.Nuttapon|T.Theera|F.Soda|2024-06-06|2024-06-14|2024-06-17|2024-06-19|80.0|24.0|8.0|NBMT|TMT|Ms.Methira|HUB|"HUB III"|58BWKH37|NBMT|10|Warranty|"Investigation Report of Front Wheel Hub Bearing from Malaysia 58BWKH37 (10pcs)"||11
APTX24157||E.Watanabe|E.Watanabe|E.Watanabe|2024-06-05|2024-06-05|2024-06-05|2024-06-05|2.0|1.0|1.0|NBMT|BYD||Powertrain|e-Axle||||"Tech report"|"Recommended storage condition"||0
APTX24156|A2404803|C.Aunchittha||T.Miyazawa|2024-06-05|2024-06-07|2024-06-12|2024-06-11||||NBMT|AIAP|Ms.Methira|Powertrain|"Water pump"|BWFS30-82X|||Investigation|"Investigation report of Leak Problem for WP bearing No.BWFS30-82X from AIAP (1pc.)"||7
APTX24155|A2403167|S.Nuttapon||F.Soda|2024-05-20|2024-05-06|2024-06-18|2024-06-28||12.0||NBMT|"DANA SPICER"|Ms.Methira|HUB|"HUB I"|45KWD08|NBMT||"Tech report"|"Prototype production specification for DANA SPICER R/W T-HUB1 45KWD08"||29
APTX24154|A2402508|S.Nuttapon||F.Soda|2024-05-20|2024-06-05|2024-06-07|2024-06-17|32.0|10.0||NBMT|TMT|Ms.Methira|HUB|"HUB III"|58BWKH37|NBMT|4|Warranty|"Investigation Report of Front Wheel Hub Bearing from Thailand 58BWKH37 (4pcs)"||18
APTX24153||E.Watanabe|E.Watanabe|E.Watanabe|2024-05-31|2024-05-31|2024-05-31|2024-05-31|1.0|1.0|1.0|NBMT|"Ogura clutch thailand"||General|"Magnetic clutch bearing"|"EP32BD4718ATXDDUMCG26 LB MA6L"|NBMT||"Tech report"|"To propose using MA8 >> HA2 grease for MCB bearing"||0
APTX24152||F.Soda||F.Soda|2024-05-29|2024-05-29|2024-05-29|2024-05-29||||NBMT|Mazda||HUB||61BWKH01Ey5|NBMT||"Tech report"|"B1 expansion error in Mazda 61BWKH01Ey5"||0
APTX24151||S.Muntana||S.Ushimaru|2024-05-29||2024-05-29|||||L-NSK|||IND|||||"Educational document"|"How to syncing smartphone"||0
APTX24150|A2404749|T.Theera||F.Soda|2024-05-27|2024-05-29|2024-05-30|2024-07-31|8.0|2.0||NBMT|NMT|Mr.Wachiranunt|HUB|"HUB III"|41BWKH06|NBMT|45|"Tech report"|"Prototype production specification 41BWKH06 (Jiangyin I and Japan Material)"||3
APTX24149|A2404440|H.Supaporn||T.Miyazawa|2024-05-27|2024-06-06|2024-06-07|2024-06-07||||L-NSK|Triumph|Mr.Chanawut|Motorcycle|"Selector drum mount / Crank case"|6805C3**|OOTSU|1|Investigation|||11
APTX24148|A2404433|C.Aunchittha||T.Miyazawa|2024-05-27|2024-06-04|2024-06-05|2024-06-05||||NBMT|AIAP|Ms.Methira|Powertrain|"Water pump"|BWFS30-82X||1|Investigation|"Investigation report of Leak Problem for WP bearing No.BWFS30-82X from AIAP (1pc.)"||9
APTX24147|A2404432|C.Aunchittha||T.Miyazawa|2024-05-27|2024-06-04|2024-06-05|2024-06-05||||NBMT|AIAP|Ms.Methira|Powertrain|"Water pump"|BWFS30-82X||1|Investigation|"#FTR Investigation report of Leak Problem for WP bearing No.BWFS30-82X from AIAP (1pc.)"||9
APTX24146|A2404034|C.Aunchittha||T.Miyazawa|2024-05-27|2024-06-04|2024-06-04|2024-06-04||||NBMT|Ogura|Ms.Methira|Powertrain|"Magnetic clutch bearing"|EP32BD4718||1|Investigation|"Investigation report of Leak Problem for MCB bearing No.EP32BD4718 from Ogura (1pc.)"||8
APTX24145|A2405031|H.Supaporn||T.Miyazawa|2024-05-27|2024-06-05|2024-06-05|2024-06-05||||NBMT|BYD|Mr.Watanabe|Powertrain|Transmission|HR32009XJU588|SNBC||Investigation|||9
APTX24144|A2403534|S.Sukanya|||2024-05-23|2024-05-23|2024-05-24|2024-05-24||||NBMT|ฺBYD|Mr.Watanabe|Powertrain|Transmission|HR6307QTF|NBMT||"Testing (Schedule)"|"FUDI_test schedule for bearing No. HR6307QTF"||1
APTX24143||S.Ushimaru|||2024-05-21|2024-05-28|2024-05-28|2024-05-28||||L-NSK|||IND|||||"Tech report"|"Introducing  NSK"||7
APTX24142|A2403521|S.Nattiwat||F.Soda|2024-05-14|2024-05-20|2024-05-22|2024-05-22|24.0|8.0||Q-NSK|HMSB|"Mr.Kian Hoe Choo"|HUB|"HUB III"|55BWKH33A|NBMT|2|Warranty|"Investigation Report of Returned Rear Wheel Bearing from Malaysia 55BWKH33A (2pcs.)"||8
APTX24141|"NBMT SQD24-01"|H.Supaporn||F.Soda|2024-05-21|||||||NBMT||Mr.Thanakorn|Powertrain|"Transmission Bearing"|6007VV|NBMT|200|Testing|"Simulation Test Support Project SPCR Change Vacuum Package of Supplier by Temperature & Humidity Chamber Machine (2nd)"||
APTX24140|A2404305|E.Krittimet|C.Pongsawat|S.Ushimaru|2024-05-15|2024-05-22|2024-06-24|2024-05-27||||L-NSK|"Fasco Motors (Thailand) Co.,Ltd."|Mr.Ingkarat|IND|"EC Motor for drive"|"6203T1XLDDGCE J EA6LQ"|A/J|2|Investigation|"Investigation of bearings in laundry drive motor after test finished"||40
APTX24139|A2403521|S.Nuttapon||F.Soda|2024-05-10|2024-05-16|2024-05-21|2024-05-22|20.0|8.0||Q-NSK|HMSB|"Mr.Kian Hoe Choo"|HUB|"HUB I"|51BWD01U|NBMT|2|Warranty|"Investigation Report of Returned Front Wheel Bearing from Malaysia 51BWD01U(2pcs)"||11
APTX24138|A2403994|C.Aunchittha||T.Miyazawa|2024-05-15|2024-05-23|2024-06-04|2024-05-31||||NBMT|AIAP|Ms.Methira|Powertrain|"Water pump"|BWFS30-82X||1|Investigation|"Investigation report of Leak Problem for NR Engine (WP) bearing No.BWFS30-82X (217) from AIAP (1pc.)"||20
APTX24137|A2403994|C.Aunchittha||T.Miyazawa|2024-05-15|2024-05-23|2024-06-04|2024-05-31||||NBMT|AIAP|Ms.Methira|Powertrain|"Water pump"|BWFS30-82X||1|Investigation|"Investigation report of Leak Problem for NR Engine (WP) bearing No.BWFS30-82X (215) from AIAP (1pc.)"||20
APTX24136|A2403994|C.Aunchittha||T.Miyazawa|2024-05-15|2024-05-23|2024-06-04|2024-05-31||||NBMT|AIAP|Ms.Methira|Powertrain|"Water pump"|BWFS30-82X||1|Investigation|"Investigation report of Leak Problem for NR Engine (WP) bearing No.BWFS30-82X (206) from AIAP (1pc.)"||20
APTX24135|A2403994|C.Aunchittha||T.Miyazawa|2024-05-15|2024-05-23|2024-06-04|2024-05-31||||NBMT|AIAP|Ms.Methira|Powertrain|"Water pump"|BWFS30-82X||1|Investigation|"Investigation report of Leak Problem for NR Engine (WP) bearing No.BWFS30-82X (203) from AIAP (1pc.)"||20
APTX24134|A2403994|C.Aunchittha||T.Miyazawa|2024-05-15|2024-05-23|2024-06-04|2024-05-31||||NBMT|AIAP|Ms.Methira|Powertrain|"Water pump"|BWFS30-82X||1|Investigation|"Investigation report of Leak Problem for NR Engine (WP) bearing No.BWFS30-82X (201) from AIAP (1pc.)"||20
APTX24133|A2403994|C.Aunchittha||T.Miyazawa|2024-05-15|2024-05-23|2024-06-04|2024-05-31||||NBMT|AIAP|Ms.Methira|Powertrain|"Water pump"|BWFS30-82X||1|Investigation|"Investigation report of Leak Problem for NR Engine (WP) bearing No.BWFS30-82X (199) from AIAP (1pc.)"||20
APTX24132|A2403994|C.Aunchittha||T.Miyazawa|2024-05-15|2024-05-23|2024-06-04|2024-05-31||||NBMT|AIAP|Ms.Methira|Powertrain|"Water pump"|BWFS30-82X||1|Investigation|"Investigation report of Leak Problem for NR Engine (WP) bearing No.BWFS30-82X (198) from AIAP (1pc.)"||20
APTX24131|A2404795|M.Supaporn||S.Ushimaru|2024-05-15|2024-05-30|2024-06-07|2024-06-07||||L-NSK|"Teral Thai Co., Ltd."|Mr.Prateep|IND|"Coolant Pump"|"6306ZZC3E ENSS"|ISHIBE|1|Investigation|"Investigation of noise problem bearing in coolant pump model CLMT32H30"||23
APTX24130|-|T.Miyazawa||T.Ikeda|2024-05-14|2024-05-15|2024-05-15|2024-05-15|30.0|10.0|1.0|JK-NSK|"To: PT Daihatsu Drivetrain Manufacturing Indonesia"|Mr.Edwin|Powertrain|CVT_D11K|"B32-72NXCG29**UR3 LB"|NBMT|1|Testing|"Result of test for small snap ring groove issue of 9004A-36140(B32-72NX)"|"snap ring, DDMI, axial load, "|1
APTX24129|A2402212|S.Nuttapon||F.Soda|2024-04-29|2024-06-03|2024-06-04|2024-09-30|40.0|4.0||NBMT|HATC|Ms.Arisa|HUB|"HUB III"|55BWKH33|NBMT|3|Testing|"Evaluation Test Results for T24 RR HUB BRG.  Rotating Bending Moment Durability Test (Jiangyin and Japan Material Approval)"||36
APTX24128|A2403870|H.Supaporn||T.Miyazawa|2024-05-14|2024-05-17|2024-05-20|2024-05-20||||NBMT|Jatco|Ms.Arisa|Powertrain|Transmission|30TM49|NBMT|1|Investigation|"Investigation report of transmission bearing due to abnormal noise for bearing No.30TM49 from Jatco_China (1pc.)"||6
APTX24127|A2403603|C.Aunchittha||T.Miyazawa|2024-05-13|2024-05-15|2024-05-20|2024-05-20||||NBMT|AIAP|Ms.Methira|Powertrain|"Water pump"|RWF42-138|ISHIBE|1|Investigation|"Investigation report of Leak Problem for Water pump bearing No.RWF42-138 (224) from AIAP (1pc.)"||7
APTX24126||S.Muntana|M.Arisara|S.Ushimaru|2024-05-13|2024-05-13|2024-05-13|||||L-NSK|||IND|||||"Educational document"|"Presentation material for maintenance for BUR bearings"||0
APTX24125|A2403600|S.Nattiwat||F.Soda|2024-05-06|2024-06-12|2024-05-14|2024-05-14|32.0|4.0||JK-NSK|TMMIN|"Mr.Edwin Saleh"|HUB|"HUB I"|43KWD07AU42|NBMT|1|Warranty|"Investigation Report of IMV Front Wheel Hub Bearing from Indonesia 43KWD07AU42 (1 Pc.)"||8
APTX24124|A2403796|S.Nuttapon||F.Soda|2024-05-07|2024-05-09|2024-05-14|2024-05-13|10.0|4.0||Q-NSK|PSSB|"Mr.Kian Hoe Choo"|HUB|"HUB III"|38HUBK|NBMT|1|Warranty|"Investigation Report of Returned Rear Wheel Bearing from Malaysia 38HUBKS01 (1pc)"||7
APTX24123||F.Soda||F.Soda|2024-05-09|2024-05-09|2024-05-09|2024-05-09||||NBMT|||HUB|"HUB III"|49BWKHS79Jy5|NBMT||"Tech report"|"Abnormal clearance in TOYOTA 49BWKHS79Jy5"||0
APTX24122|A2403603|C.Aunchittha||T.Miyazawa|2024-05-09|2024-05-14|2024-05-15|2024-05-15||||NBMT|AIAP|Ms.Methira|Powertrain|"Water pump"|BWFS30-82X|NBMT|1|Investigation|"Investigation report of Leak Problem for NR Engine (WP) bearing No.BWFS30-82X (196) from AIAP (1pc.)"||6
APTX24121|A2403603|C.Aunchittha||T.Miyazawa|2024-05-09|2024-05-14|2024-05-15|2024-05-15||||NBMT|AIAP|Ms.Methira|Powertrain|"Water pump"|BWFS30-82X|NBMT|1|Investigation|"Investigation report of Leak Problem for NR Engine (WP) bearing No.BWFS30-82X (195) from AIAP (1pc.)"||6
APTX24120|A2403603|C.Aunchittha||T.Miyazawa|2024-05-09|2024-05-14|2024-05-15|2024-05-15||||NBMT|AIAP|Ms.Methira|Powertrain|"Water pump"|BWFS30-82X|NBMT|1|Investigation|"Investigation report of Leak Problem for NR Engine (WP) bearing No.BWFS30-82X (194) from AIAP (1pc.)"||6
APTX24119|A2402169|S.Nattiwat||F.Soda|2024-05-08|2024-05-29|2024-05-30|2024-05-30|40.0|8.0||NBMT|TMT|"Ms.Methira Khamluerit"|HUB|"HUB III"|49BWKHS79|NBMT|2|Testing|"Evaluation Test Result of 764W Rear Wheel Bearing  (B1 Material change POSCO to KOBE material) 49BWKHS79"||22
APTX24118||S.Nuttapon|||2024-05-06|2024-10-15|2024-10-30|2024-10-30|||||||||40KWD04||||"Prototype production specification MITSUBISHI NEXT TRITON (5F00) F/W T-HUB1 40KWD04"||177
APTX24117||S.Tassanapha||S.Ushimaru|2024-04-01|2024-05-08|2024-05-14|2024-05-15||||"CAD IGT"|||IND|||||"Educational document"|"CAD work procedure document"||43
APTX24116|A2403822|H.Supaporn||T.Miyazawa|2024-05-06|2024-05-17|2024-05-17|2024-05-17||||NBMT|ฺBYD|Mr.Watanabe|Powertrain|Transmission|HR32009XJU588|H/F|1|Investigation|"Investigation report of bearing diff shaft after test finished due to abnormal noise for bearing No.HR32009XJU588 from BYD (2pcs.)"||11
APTX24115|A2403840|S.Sukanya||T.Miyazawa|2024-05-03|2024-05-03|2024-05-06|||||NBMT|FUDI_BYD|Mr.Watanabe|Powertrain|Transmission|6008C3|NBMT||"Testing (Schedule)"|"FUDI_test schedule for bearing No. 6008C3"||3
APTX24114|A2403135|S.Nuttapon||F.Soda|2024-05-02|2024-06-10|2024-06-14|2024-06-14|10.0|4.0||NBMT|TTTC|Ms.Methira|HUB|"HUB I"|40BWD12J|NBMT|2|Warranty|"Investigation Report of Front Wheel Hub Bearing from Pakistan 40BWD12J (2pcs) [18pcs]"||43
APTX24113|A2403135|S.Nuttapon||F.Soda|2024-05-02|2024-06-10|2024-06-14|2024-06-14|30.0|12.0||NBMT|TTTC|Ms.Methira|HUB|"HUB I"|40BWD12J|NBMT|4|Warranty|"Investigation Report of Front Wheel Hub Bearing from Pakistan 40BWD12J (4pcs) [18pcs]"||43
APTX24112|A2403135|S.Nuttapon||F.Soda|2024-04-26|2024-06-10|2024-06-14|2024-06-14|30.0|12.0||NBMT|TTTC|Ms.Methira|HUB|"HUB I"|40BWD12J|NBMT|4|Warranty|"Investigation Report of Front Wheel Hub Bearing from Pakistan 40BWD12J (4pcs) [18pcs]"||49
APTX24111|A2403603|S.Sukanya|L.Pawet|T.Miyazawa|2024-05-02|2024-05-06|2024-05-07|2024-05-07||||NBMT|AIAP|Ms.Methira|Powertrain|"Water pump"|"BWFS30-82X-A-R1-01LBC WPHSV"|NBMT|1|Investigation|"Investigation report of Leak Problem for NR Engine (WP) bearing No.BWFS30-82X (221) from AIAP (1pc.)_FTR"||5
APTX24110|A2403603|S.Sukanya|L.Pawet|T.Miyazawa|2024-05-02|2024-05-06|2024-05-07|2024-05-07||||NBMT|AIAP|Ms.Methira|Powertrain|"Water pump"|"BWFS30-82X-A-R1-01LBC WPHSV"|NBMT|1|Investigation|"Investigation report of Leak Problem for NR Engine (WP) bearing No.BWFS30-82X (210) from AIAP (1pc.)_FTR"||5
APTX24109||H.Supaporn||T.Miyazawa|2024-04-29|2024-05-06|2024-05-06|2024-05-06||||NBMT|||Powertrain|"Transmission Bearing"|30TM|NBMT|1|Investigation|||7
APTX24108|A2402508|S.Nattiwat||F.Soda|2024-04-22|2024-04-26|2024-04-26|2024-04-26|32.0|8.0||NBMT|TMT|"Ms.Methira Khamluerit"|HUB|"HUB III"|58BWKH37|NBMT|4|Warranty|"Investigation Report of Front Wheel Hub Bearing from Thailand 58BWKH37"||4
APTX24107|A2402880|M.Supaporn||S.Ushimaru|2024-04-26|2024-05-03|2024-05-10|2024-05-10||||Q-NSK|"AIS Industrial Supply Sdn Bhd "|Mr.Han|IND|"CNC machine"|25TAC62CSUHPN7C||4|Investigation|"Investigation of abnormal noise bearing in CNC machine. "||14
APTX24106|A2402508|S.Nuttapon||F.Soda|2024-04-22|2024-04-25|2024-04-26|2024-04-26|24.0|8.0||NBMT|TMT|Ms.Methira|HUB|"HUB III"|58BWKH37|NBMT|3|Warranty|" Investigation Report of Front Wheel Hub Bearing from Thailand 58BWKH37 (3pcs)"||4
APTX24105|A2403135|T.Theera||F.Soda|2024-04-24|2024-05-21|2024-06-07|2024-05-31|12.0|4.0||NBMT|TTTC|Ms.Methira|HUB|"HUB I"|40BWD12J|NBMT|4|Warranty|"Investigation Report of Front Wheel Hub Bearing from Pakistan 40BWD12J (4pcs.)"||44
APTX24104|A2403135|T.Theera||F.Soda|2024-04-23|2024-05-21|2024-06-07|2024-05-31|12.0|4.0||NBMT|TTTC|Ms.Methira|HUB|"HUB I"|40BWD12J|NBMT|4|Warranty|"Investigation Report of Front Wheel Hub Bearing from Pakistan 40BWD12J (4pcs.)"||45
APTX24103|A2403062|C.Aunchittha|||2024-04-22|2024-05-09|2024-05-10|2024-05-03||||NBMT|AIAP|Ms.Methira|Powertrain|"Water pump"|"BWFS30-82X-A-R1-01LBC WPHSV"|NBMT|1|Investigation|"Investigation Report of Leak Problem for NR Engine (W/P) Bearing_185"||18
APTX24102|A2403062|C.Aunchittha||T.Miyazawa|2024-04-22|2024-05-09|2024-05-10|2024-05-03||||NBMT|AIAP|Ms.Methira|Powertrain|"Water pump"|BWFS30-82X|NBMT|1|Investigation|"Investigation report of Leak Problem for NR Engine (WP) bearing No.BWFS30-82X (172) from AIAP (1pc.)"||18
APTX24101|A2403062|C.Aunchittha||T.Miyazawa|2024-04-22|2024-05-09|2024-05-10|2024-05-03||||NBMT|AIAP|Ms.Methira|Powertrain|"Water pump"|BWFS30-82X|NBMT|1|Investigation|"Investigation report of Leak Problem for NR Engine (WP) bearing No.BWFS30-82X (171) from AIAP (1pc.)"||18
APTX24100|A2403062|C.Aunchittha||T.Miyazawa|2024-04-22|2024-05-09|2024-05-10|2024-05-03||||NBMT|AIAP|Ms.Methira|Powertrain|"Water pump"|BWFS30-82X|NBMT|1|Investigation|"Investigation report of Leak Problem for NR Engine (WP) bearing No.BWFS30-82X (168) from AIAP (1pc.)"||18
APTX24099|A2403062|C.Aunchittha||T.Miyazawa|2024-04-22|2024-05-09|2024-05-10|2024-05-03||||NBMT|AIAP|Ms.Methira|Powertrain|"Water pump"|BWFS30-82X|NBMT|1|Investigation|"Investigation report of Leak Problem for NR Engine (WP) bearing No.BWFS30-82X (167) from AIAP (1pc.)"||18
APTX24098|A2403136|E.Krittimet||S.Ushimaru|2024-04-12|2024-05-03|2024-05-07|2024-05-10||||L-NSK|"SATAKE (THAILAND) Co.,Ltd."||IND|"Main shaft"|"6318DDU NS7S"|FUKUSHIMA|1|Investigation|"Investigation of abnormal noise bearing in main shaft of rice mill_Satake"||25
APTX24097||T.Miyazawa||T.Ikeda|2024-04-11|2024-04-11|2024-04-11|2024-04-11||||NBMT|BYD|Mr.Watanabe|Powertrain|Transmission||NBMT|||"FUDI_Test status and improve action"||0
APTX24096||S.Ushimaru||S.Ushimaru|2024-04-10|2024-04-12|2024-04-12|2024-04-12||||"CAD IGT"|||IND|||||Other|"[APTC]CAD-FY23 Result and FY 24 Target"||2
APTX24095||E.Watanabe|||2024-04-10|2024-04-10|2024-04-10|2024-04-10|1.0|1.0|1.0|NBMT|BYD||Powertrain|e-Axle|HTF6207g5C3**UR4|NBMT|2|Test|"Result of durability test for  12296753-00(NSK part no.HTF6207) bearing"||0
APTX24094|A2402508|S.Nattiwat||F.Soda|2024-03-26|2024-04-10|2024-04-26|2024-04-26|32.0|8.0||NBMT|TMT||HUB|"HUB III"|58BWKH37|NBMT|3|Warranty|"Investigation Report of Front Wheel Hub Bearing from Thailand 58BWKH37"||31
APTX24093|A2403077|T.Theera||F.Soda|2024-04-10|2024-05-15|2024-05-24|2024-05-17|28.0|4.0||NBMT|HRAP|Ms.Arisa|HUB|"HUB I"|38BWD27N|NBMI|2|Investigation|"Investigation Report of Vehicle Evaluation Test for 32NA Front Wheel Bearing 38BWD27N (2pcs. Car test)"||44
APTX24092|A2401318|T.Miyazawa||T.Ikeda|2024-04-10|2024-04-12|2024-04-12|2024-04-12|10.0|1.0|1.0|NBMT|FUDI|||E-Axle|HR6307|||Testing|"Result of durability test for e-Axle bearing of HR6307"|"HR6307 NBMT, BEV, EV, "|2
APTX24091|A2402214|L.Peerapat|||2024-04-09|2024-04-30|2024-05-07|2024-05-15|16.0|8.0|8.0|NBMT|NBMT|Mr.Wachiranunt|HUB|"HUB III"|61BWKH01Ey5|NBMT|12|"Tech report"|"Prototype Production Specification for MAZDA CX-3 HUBIII Sample-Making Request for Proposal for New Material Source Application (Jiangyin and Kobe)"||28
APTX24090|A2402212|S.Nuttapon||F.Soda|2024-04-09|2024-10-28|2024-10-28|2024-09-30||||NBMT|HATC|Ms.Arisa|HUB|"HUB III"|55BWKH33|NBMT|2|Testing|"Evaluation Test Results for T24 RR HUB BRG.  Bearing Life Test (Jiangyin and Japan Material Approval)"||202
APTX24089|A2402508|L.Peerapat||F.Soda|2024-03-26|2024-04-12|2024-04-26|2024-04-26|16.0|8.0|8.0|NBMT|TMT|Ms.Methira|HUB|"HUB III"|58BWKH37E|NBMT|2|Warranty|"Investigation Report of Front Wheel Hub Bearing from Thailand 58BWKH37 (2pcs)"||31
APTX24088|A2402508|S.Nuttapon||F.Soda|2024-03-26|2024-04-08|2024-04-26|2024-04-26|40.0|8.0||NBMT|TMT|Ms.Methira|HUB|"HUB III"|58BWKH37|NBMT|4|Warranty|" Investigation Report of Front Wheel Hub Bearing from Thailand 58BWKH37 (4pcs)"||31
APTX24087|A2402880|M.Supaporn|||2024-04-04|2024-04-10|2024-04-12|2024-04-24||||L-NSK|"Fasco motor"|Mr.Inkarat|IND|"Laundry Fan"|"6203T1XLDDGCE J EA6LQ"||4|Investigation|"Investigation of bearing laundry fan condition after test finished."||8
APTX24086|"NBMT SQD24-01"|H.Supaporn||T.Ikeda|2024-04-02|2024-04-05|2024-04-05|||||NBMT||Mr.Thanakorn|Powertrain|"Transmission Bearing"|6007VV||200|Testing|"Simulation Test Support Project SPCR Change Vacuum Package of Supplier by Temperature & Humidity Chamber Machine"||3
APTX24085||M.Arisara|S.Ushimaru|T.Ikeda|2024-04-01|2024-04-29|2024-04-29|2024-04-26||||T-NSK|T-NSK|Mr.Miyagawa|General|||||Other|"Quotation FY2024 1H_T-NSK"||28
APTX24084||M.Arisara|S.Ushimaru|T.Ikeda|2024-04-01|2024-04-29|2024-04-29|2024-04-26||||A/J|A/J|Mr.Murayama|General|||||Other|"Quotation FY2024 1H_AJ plant"||28
APTX24083||M.Arisara|S.Ushimaru|T.Ikeda|2024-04-01|2024-04-29|2024-04-29|2024-04-26||||VN-NSK|VN-NSK|Mr.Kawamoto|General|||||Other|"Quotation FY2024 1H_VN-NSK"||28
APTX24082||M.Arisara|S.Ushimaru|T.Ikeda|2024-04-01|2024-04-29|2024-04-29|2024-04-26||||Q-NSK|Q-NSK|Mr.Nakano|General|||||Other|"Quotation FY2024 1H_Q-NSK"||28
APTX24081||M.Arisara|S.Ushimaru|T.Ikeda|2024-04-01|2024-04-29|2024-04-29|2024-04-26||||NBI|NBI|Mr.Nagai|General|||||Other|"Quotation FY2024 1H_NBI"||28
APTX24080||M.Arisara|S.Ushimaru|T.Ikeda|2024-04-01|2024-04-29|2024-04-29|2024-04-26||||NIS|NIS|Mr.Shimada|General|||||Other|"Quotation FY2024 1H_NIS"||28
APTX24079||M.Arisara|S.Ushimaru|T.Ikeda|2024-04-01|2024-04-29|2024-04-29|2024-04-26||||JK-NSK|JK-NSK|Mr.Endo|General|||||Other|"Quotation FY2024 1H_JK-NSK"||28
APTX24078||M.Arisara|S.Ushimaru|T.Ikeda|2024-04-01|2024-04-29|2024-04-29|2024-04-26||||A-NSK|A-NSK|Mr.Bradley|General|||||Other|"Quotation FY2024 1H_A-NSK"||28
APTX24077||M.Arisara|S.Ushimaru|T.Ikeda|2024-04-01|2024-02-29|2024-04-29|2024-04-26||||L-NSK|L-NSK|Mr.Sangchai|General|||||Other|"Quotation FY2024 1H_L-NSK"||28
APTX24076||M.Arisara|S.Ushimaru|T.Ikeda|2024-04-01|2024-04-29|2024-04-29|2024-04-26||||NBMT|NBMT|Mr.Satou|General|||||Other|"Quotation FY2024 1H_NBMT"||28
APTX24075|A2402189|E.Krittimet||S.Ushimaru|2024-03-26|2024-04-11|2024-04-26|2024-04-26||||L-NSK|"SATAKE (THAILAND) Co.,Ltd."||IND|"Main shaft"|"6309DDU NS7S5"|FUKUSHIMA|3|Investigation|"Investigation of failed bearing in Main shaft of Sample Sheller for Rough Rice_SATAKE"||31
APTX24074|A2402508|T.Theera||F.Soda|2024-03-26|2024-04-10|2024-04-26|2024-04-26|33.0|6.0||NBMT|TMT|Ms.Methira|HUB|"HUB III"|58BWKH37|NBMT|3|Warranty|"Investigation Report of Front Wheel Hub Bearing from Thailand 58BWKH37 (3pcs)"||31
APTX24073|A2402243|C.Aunchittha||T.Miyazawa|2024-03-26|2024-04-02|2024-04-22|2024-04-22||||NBMT|Bando|Ms.Methira|Powertrain|"Tensioner pulley"|70SPF03130||3|Investigation|"Investigation report of TP bearing due to abnormal noise bearing No.70SPF03130 from Bando (3pcs.)"||27
APTX24072|A2402817|M.Supaporn|S.Muntana|S.Ushimaru|2024-03-22|2024-04-04|2024-04-04|2024-04-05||||L-NSK|"Thai Cold Rolled Steel Sheet Public "|Mr.Assawin|IND|"Backup roll"|STF850RV1111BagBS8CR400P5A*0B|"FUJISAWA GIANT"|1|Investigation|"On-site investigation for bearing failed of back up roll (ZE-971+YL-962)_TCRSS"||13
APTX24071|A2402817|M.Supaporn|S.Muntana|S.Ushimaru|2024-03-22|2024-03-28|2024-04-04|2024-04-05||||L-NSK|"Thai Cold Rolled Steel Sheet Public "|Mr.Assawin|IND|"Backup roll"|STF850RV1111BagBS8CR400P5A*0B|"FUJISAWA GIANT"|1|Investigation|"On-site investigation for bearing failed of back up roll (ZH-993)_TCRSS"||13
APTX24070|A2402817|M.Supaporn|S.Muntana|S.Ushimaru|2024-03-22|2024-03-28|2024-04-04|2024-04-05||||L-NSK|"Thai Cold Rolled Steel Sheet Public "|Mr.Assawin|IND|"Backup roll"|STF850RV1111BagBS8CR400P5A*0B|"FUJISAWA GIANT"|1|Investigation|"On-site investigation for bearing failed of back up roll (ZH-989)_TCRSS"||13
APTX24069||T.Miyazawa|S.Sukanya|T.Ikeda|2024-03-04|2024-03-05|2024-03-05|2024-03-05||||NBMT|ฺBYD|Mr.Watanabe|Powertrain|Transmission||NBMT||Testing|"8 Discipline (8D) Report"||1
APTX24068||S.Ushimaru||T.Ikeda|2024-03-22|||||||||||||||Memo|"Minutes of Design license meeting."||
APTX24067||S.Ushimaru|||2024-03-22|2024-03-22|2024-03-22|2024-03-22||||"CAD IGT"|||IND|||||Memo|設計権限付与判定会議議事録（深玉製図正式権限）||0
APTX24066|A2402389|H.Supaporn||T.Miyazawa|2024-03-20|2024-04-12|2024-04-12|2024-04-12||||JK-NSK|"PT. Honda Precision Parts Manufacturing"|"Mr.Edwin Saleh"|Powertrain|"Transmission M-CVT"|"HTFB40-222g5CG19 SAUR4"|NBMT|1|Investigation|||23
APTX24065||M.Supaporn|M.Arisara|S.Ushimaru|2024-03-08|2024-03-19|2024-03-20|2024-03-22||||L-NSK|"Kusatsu Electric (Thailand) Co., Ltd."|Mr.Parkpoom|IND|Motor|"6200T1XLZZC3ER** J NS7LQ"|A/J|4|"Tech report"|"Noise anaysis of NG motor_Kusatsu"||12
APTX24064|A2402169|S.Nattiwat|L.Peerapat|F.Soda|2024-03-04|2024-03-13|2024-03-21|2024-03-29|4.0|32.0||NBMT|TMT|"Mr.Wachiranunt Keawrakon"|HUB|"HUB III"|49BWKHS79|NBMT||"Tech report"|"PROTOTYPE PRODUCTION SPECIFICATION Sample-Making Request for Proposal for New Material Source Application (Japan Material) 49BWKHS79 "||17
APTX24063|A2401318|T.Miyazawa||T.Ikeda|2024-03-14|2024-03-18|2024-03-20|2024-03-20|10.0|1.0|1.0|NBMT|FUDI|Mr.Watanabe|Powertrain|Transmission|"TM308(NBMT ploduct)"|NBMT||Testing|"Result of durability test for e-Axle bearing of TM308"|"TM308 NBMT, BEV, EV, "|6
APTX24062|A2402212|S.Nuttapon|L.Peerapat|F.Soda|2024-03-14|2024-03-26|2024-04-08|2024-03-22||24.0||NBMT|HATC|Ms.Arisa|HUB|"HUB III"|55BWKH33|NBMT||"Tech report"|"HONDA T24 Rear Wheel HUB III  Sample-Making Request for Proposal for New Material Source Application (Jiangyin I and Japan Material)"||25
APTX24061|A2401548|S.Nuttapon||F.Soda|2024-03-05|2024-03-13|2024-03-18|2024-03-18|16.0|4.0||JK-NSK|TMMIN|"Mr.Edwin Saleh"|HUB|"HUB I"|43KWD07|NBMT|2|Warranty|"Investigation Report of IMV Front Wheel Hub Bearing from Indonesia (43KWD07 2pcs)"||13
APTX24060|A2401617|S.Nuttapon||F.Soda|2024-03-05|2024-03-13|2024-03-20|2024-03-21|8.0|4.0||JK-NSK|TMMIN|"Mr.Edwin Saleh"|HUB|"HUB I"|43KWD07|NBMT|1|Warranty|"Investigation Report of IMV Front Wheel Hub Bearing from Indonesia (43KWD07 1pc)"||15
APTX24059||T.Miyazawa|T.Miyazawa|T.Ikeda|2024-03-11|2024-03-13|2024-03-13|2024-03-13|10.0|3.0|3.0|NBMT|FUDI||Powertrain|E-Axle|"TM306(NBMT ploduct)"|NBMT|2|Testing|"Result of durability test for e-Axle bearing of TM306"|"TM306 NBMT, BEV, EV, "|2
APTX24058|A2402108|C.Aunchittha||T.Miyazawa|2024-03-13|2024-03-18|2024-03-22|2024-03-22||||NBMT|AIAP|Ms.Methira|Powertrain|"Water pump"|BWFS30-82X||1|Investigation|"Investigation report of Noise Problem for NR Engine (WP) bearing No.BWFS30-82X (125) from AIAP (1pc.)"||9
APTX24057|A2401297|S.Nattiwat||F.Soda|2024-03-04|2024-06-12|2024-06-15|2024-03-15|30.0|4.0||JK-NSK|TMMIN|"Mr.Edwin Saleh"|HUB|"HUB I"|43KWD07AU42|NBMT|2|Warranty|"Investigation Report of IMV Front Wheel Hub Bearing from Indonesia 43KWD07AU42 (2 Pcs.)"||103
APTX24056|A2401620|S.Nuttapon||F.Soda|2024-03-07|2024-03-11|2024-03-14|2024-03-15|8.0|4.0||JK-NSK|SIM|Mr.Anas|HUB|"HUB I"|35BWD24D|NBMT|1|Warranty|"Investigation Report of Returned YL0 Front Wheel Bearing from Indonesia (35BWD24D 1 pc) "||7
APTX24055||E.Watanabe|E.Watanabe|E.Watanabe|2024-03-06|2024-03-06|2024-03-06|2024-03-06||||||||||NBMT||"Testing (Schedule)"|"Revised evaluation test plan"||0
APTX24054||E.Watanabe|E.Watanabe|E.Watanabe|2024-03-06|2024-03-06|2024-03-06|2024-03-06|||||FUDI||||||||"FTA for evaluation test"||0
APTX24053||E.Watanabe|E.Watanabe|T.Miyazawa|2024-03-05|2024-03-05|2024-03-05|2024-03-05|2.0|2.0|2.0|NBMT|FUDI||Powertrain|e-Axle|HTF6207g5C3**UR4|NBMT|2|Test|"Result of durability test for e-Axle bearing"||0
APTX24052||M.Arisara|S.Ushimaru|T.Ikeda|2024-03-05|2024-03-22|2024-03-22|2024-03-22||||A/J|A/J|Mr.Murayama|General||||1|Other|"Q4 Activity report FY2023_A/J"||17
APTX24051||M.Arisara|S.Ushimaru|T.Ikeda|2024-03-05|2024-03-08|2024-03-08|2024-03-22||||"CAD IGT"|"CAD IGT"|Mr.Tanaka|General||||1|Other|"Q4 Activity report FY2023_CAD IGT"||3
APTX24050||M.Arisara|S.Ushimaru|T.Ikeda|2024-03-05|2024-03-22|2024-03-22|2024-03-22||||T-NSK|T-NSK|Mr.Miyagawa|General||||1|Other|"Q4 Activity report FY2023_T-NSK_Auto"||17
APTX24049||M.Arisara|S.Ushimaru|T.Ikeda|2024-03-05|2024-03-22|2024-03-22|2024-03-22||||VN-NSK|VN-NSK|Mr.Kawamoto|General||||1|Other|"Q4 Activity report FY2023_VN-NSK"||17
APTX24048||M.Arisara|S.Ushimaru|T.Ikeda|2024-03-05|2024-03-22|2024-03-22|2024-03-22||||Q-NSK|Q-NSK|Mr.Nakano|General||||1|Other|"Q4 Activity report FY2023_Q-NSK"||17
APTX24047||M.Arisara|S.Ushimaru|T.Ikeda|2024-03-05|2024-03-22|2024-03-22|2024-03-22||||NBI|NBI|Mr.Nagai|General||||1|Other|"Q4 Activity report FY2023_NBI"||17
APTX24046||M.Arisara|S.Ushimaru|T.Ikeda|2024-03-05|2024-03-22|2024-03-22|2024-03-22||||NIS|NIS|Mr.Taniguchi|General||||1|Other|"Q4 Activity report FY2023_NIS"||17
APTX24045||M.Arisara|S.Ushimaru|T.Ikeda|2024-03-05|2024-03-22|2024-03-22|2024-03-22||||JK-NSK|JK-NSK|Mr.Endo|General||||1|Other|"Q4 Activity report FY2023_JK-NSK"||17
APTX24044||M.Arisara|S.Ushimaru|T.Ikeda|2024-03-05|2024-03-22|2024-03-22|2024-03-22||||A-NSK|A-NSK|Mr.Bradley|General||||1|Other|"Q4 Activity report FY2023_A-NSK"||17
APTX24043||M.Arisara|S.Ushimaru|T.Ikeda|2024-03-05|2024-03-22|2024-03-22|2024-03-22||||L-NSK|L-NSK|Mr.Sangchai|General||||1|Other|"Q4 Activity report FY2023_L-NSK"||17
APTX24042||M.Arisara|S.Ushimaru|T.Ikeda|2024-03-05|2024-03-22|2024-03-22|2024-03-22||||NBMT|NBMT|Mr.Satou|General||||1|Other|"Q4 Activity report FY2023_NBMT"||17
APTX24041|A2401852|C.Aunchittha||T.Miyazawa|2024-03-12|2024-03-18|2024-03-20|2024-03-20||||NBMT|Ogura|Ms.Methira|Powertrain|"Magnetic clutch bearing"|EP30BD4718||1|Investigation|"Investigation report of MCB due to grease leakage for bearing No. EP30BD4718 from Ogura (1pc.)"||8
APTX24040|A2401605|C.Aunchittha||T.Miyazawa|2024-02-29|2024-03-15|2024-03-15|2024-03-15||||NBMT|AIAT|Ms.Methira|Powertrain|"Clutch release bearing"|58TKZ3505||2|Investigation|"Investigation Report of Clutch Release Bearing from TOYOTA Thailand Market Bearing No.58TKZ3505HRA6 (2pcs.)"||15
APTX24039|A2401357|C.Aunchittha||T.Miyazawa|2024-02-29|2024-03-11|2024-03-11|2024-03-11||||NBMT|Bando|Ms.Methira|Powertrain|"Tensioner pulley"|70SPF03138||1|Investigation|"Investigation report of TP bearing due to abnormal noise bearing No.70SPF03138 from Bando (1pc.)"||11
APTX24038|A2401356|C.Aunchittha||T.Miyazawa|2024-02-29|2024-03-08|2024-03-11|2024-03-11||||NBMT|Bando|Ms.Methira|Powertrain|"Tensioner pulley"|70SPF03112||1|Investigation|"Investigation report of TP bearing due to abnormal noise bearing No.70SPF03112 from Bando (1pc.)"||11
APTX24037|A2401592|H.Supaporn||T.Miyazawa|2024-02-28|2024-03-12|2024-03-14|2024-03-14||||NBMT|"Ogura Clutch (Thailand) Co., Ltd. "|Ms.Nutcha|Powertrain|"Magnetic clutch bearing"|"EP32BD4718AT1XDDUMCG26 LB MA6L"|NBMT|1|Investigation|"Investigation report of MCB bearing No.EP32BD4718 due to grease leak from Ogura (1pc.)"||15
APTX24036|A2401592|H.Supaporn||T.Miyazawa|2024-02-28|2024-03-12|2024-03-14|2024-03-14||||NBMT|"Ogura Clutch (Thailand) Co., Ltd. "|Ms.Nutcha|Powertrain|"Magnetic clutch bearing"|EP30BD4718T1XDD|NBMT|1|Investigation|"Investigation report of MCB bearing No.EP30BD4718 due to abnormal noise from Ogura (1pc.)"||15
APTX24035||E.Watanabe|E.Watanabe|E.Watanabe|2024-02-20|2024-02-20|2024-02-20|2024-02-20||2.0|1.0|NBMT|ITA||HUB|T-HUB1|50KWD02|SAITAMA|1|Test|"RG20 RW HUB bearing Turning durability test"||0
APTX24034|RJT-24001589|T.Theera|S.Nuttapon|F.Soda|2024-02-14|2024-03-07|2024-03-12|2024-04-26|64.0|9.0||NBMT|NISSAN|Mr.Yabo|HUB|"HUB III"|41BWKH06Dy5|NBMT|11|Testing|"Evaluation Test Result of P02H Rear Wheel Bearing VC-LOT (41BWKH06Dy5) (RW2)"||27
APTX24033||E.Krittimet||S.Ushimaru|2024-02-13|2024-02-13|2024-02-13|2024-02-13|||||"NA Caltechnologies Co., Ltd."|Ms.Suchaya|IND||||1|Other|"Initial setup for D-VibA10_Send to Supplier for calibrations "||0
APTX24032|A2401217|H.Supaporn||T.Miyazawa|2024-02-12|2024-02-16|2024-02-23|2024-02-23||||NBMT|"Bando Manufacturing (Thailand) Ltd."|Ms.Methira|Powertrain|T/P|"65SPF0329DDG8A LB HA2L	"|NBMT|1|Investigation|"Investigation report of idler due to abnormal noise for bearing No.65SPF0329 from Bando (1pc.)"||11
APTX24031|A2401319|C.Aunchittha||T.Miyazawa|2024-02-10|2024-02-16|2024-02-23|2024-02-23||||NBMT|AIAP|Ms.Methira|Powertrain|"Water pump"|BWFS30-82X||1|Investigation|"Investigation report of Leak Problem for NR Engine (WP) bearing No.BWFS30-82X (028) from AIAP (1pc.)"||13
APTX24030|A2401317|C.Aunchittha||T.Miyazawa|2024-02-10|2024-02-16|2024-02-23|2024-02-23||||NBMT|Ogura|Ms.Methira|Powertrain|"Magnetic clutch bearing"|EP35BD219||1|Investigation|"Investigation report of MCB due to abnormal noise for bearing No.EP35BD219 from Ogura (1pc.)"||13
APTX24029|A2400970|C.Aunchittha||T.Miyazawa|2024-02-10|2024-02-15|2024-02-23|2024-02-23||||NBMT|Bando|Ms.Methira|Powertrain|"Tensioner pulley"|70SPF03112||3|Investigation|"Investigation report of Noise Problem for TP bearing No.70SPF03112 from Bando (3pcs.)"||13
APTX24028||T.Miyazawa|E.Watanabe||2024-02-08|2024-02-08|2024-02-08|2024-02-08|2.0|2.0|2.0|NBMT|"FinDreams Technology Co., Ltd."||Powertrain|E-Axle|HR6307|NBMT||"Tech report"|"Marking of NBMT locarization product of HR6307"||0
APTX24027|A2401260|C.Aunchittha||T.Miyazawa|2024-02-07|2024-02-10|2024-02-16|2024-02-16||||NBMT|TDEM|Ms.Methira|Powertrain|"Needle bearing"|DB502526EW||1|Investigation|"Investigation report for Needle bearing No.DB520526EW from TDEM (1pc.)"||9
APTX24026|A2401334|H.Supaporn||T.Miyazawa|2024-02-06|2024-02-16|2024-02-19|2024-02-19||||NBMT|"Isuzu Engine Manufacturing Co.,(Thailand) Ltd."|Ms.Arisa|Powertrain|"Clutch pilot"|"6203VVC4**BH AS3S6"|H/F|1|Investigation|"Investigation report of clutch pilot due to burned trace of clutch disc and pressure plate for bearing  No.6203VVC4 from Isuzu (1pc.)"||13
APTX24025|E2201883|L.Peerapat||F.Soda|2024-01-08|2024-02-06|2024-02-08|2024-02-08|40.0|40.0|40.0|"NSK South Africa"|TSAM|Mr.Chris|HUB|"HUB I"|42KWD11|NBMT|1||"Evaluation Test Report of IMV HILUX Rear Wheel Hub Bearing and Incident Vehicle Root Cause Analysis"||31
APTX24024|E2201883|L.Peerapat||F.Soda|2024-01-08|2024-02-05|2024-02-08|2024-02-08|40.0|40.0|40.0|"NSK South Africa"|TSAM|Mr.Chris|HUB|"HUB I"|42KWD11|NBMT|2|Testing|"Evaluation Test Report of IMV HILUX Rear Wheel Hub Bearing 0.6G Rotating Bending with Insufficient Grease"||31
APTX24023|A2400933|H.Supaporn||T.Miyazawa|2024-02-05|2024-02-13|2024-02-15|||||JK-NSK|"PT Daihatsu Drivetrain Manufacturing Indonesia"|"Mr.Edwin Saleh"|Powertrain|"Transmission Bearing"|HTFB73Z-1-G-5CG44SAUR4|NBMT|1|Investigation|"Investigation report of CVT bearing due to abnormal noise of bearing No.HTFB73Z-1-G-5CG44 from PT Daihatsu (1pc.)"||10
APTX24022|A2400341|S.Nattiwat||F.Soda|2024-01-17|2024-01-25|2024-01-26|2024-01-29||||NBMT|TMT|"Mr.Wachiranunt Keawrakon"|HUB|"HUB III"|62BWKH32S|NBMT|1|Investigation|"Investigation Report of Front Wheel Hub Bearing from Taiwan 62BWKH32S (1pc)"||9
APTX24021|A2400689|D.Setthawut|L.Pawet|T.Miyazawa|2024-01-19|2024-01-26|2024-01-29|2024-01-29||||NBMT|Jatco|Ms.Arisa|Powertrain|Transmission|"B70-19CG25**SA** LB Z	"|NBMT|1|Investigation|||10
APTX24020|A2400346|T.Theera||F.Soda|2024-01-22|2024-01-29|2024-01-31|2024-01-31|18.0|6.0||JK-NSK|TMMIN|"Mr.Edwin Saleh"|HUB|"HUB I"|43KWD07A|NBMT|3|Warranty|"Investigation Report of IMV Front Wheel Hub Bearing from Indonesia (43KWD07A 3pcs.)"||9
APTX24019|A2400174|S.Nuttapon|C.Pastraporn|F.Soda|2024-01-09|2024-01-24|2024-01-26|2024-01-26|40.0|8.0||NBMT|TTTC|Ms.Methira|HUB|"HUB III"|59BWKHS10|NBMT|4|Warranty|"Investigation Report of Front Wheel Hub Bearing from Pakistan 59BWKHS10 (4pcs)"||17
APTX24018|A2400547|H.Supaporn||T.Miyazawa|2024-01-18|2024-01-25|2024-01-29|2024-01-29||||NBMT|"Valeo Automotive (Thailand) Co.,Ltd."|Ms.Methira|Powertrain|"Magnetic clutch bearing"|32BD4718DDUK|OOTSU|1|Investigation|"Investigation report of MCB due to abnormal noise for bearing No.32BD4718DDUK from Valeo (1pc.)"||11
APTX24017|A2400156|C.Aunchittha||T.Miyazawa|2024-01-17|2024-01-23|2024-02-01|2024-02-01||||NBMT|Bando|Ms.Methira|Powertrain|"Tensioner pulley"|65SPF0329||1|Investigation|"Investigation report of TP bearing due to abnormal noise bearing No.65SPF0329 from Bando (1pc.)"||15
APTX24016|A2400155|C.Aunchittha||T.Miyazawa|2024-01-17|2024-01-23|2024-02-01|2024-02-01||||NBMT|Bando|Ms.Methira|Powertrain|"Tensioner pulley"|70SPF03112||3|Investigation|"Investigation report of TP bearing due to abnormal noise bearing No.70SPF03112 from Bando (3pcs.)"||15
APTX24015|A2400152|E.Krittimet||S.Ushimaru|2024-01-16|2024-01-30|2024-02-01|2024-02-06||||L-NSK|"TATA STEEL MANUFACTURING(THAILAND)PLC."|Ms.Laddawan|IND|"Wheel of Furnace"|"22226 CC/W33 (SKF)"||1|Investigation|" Investigation of failed bearing in wheel of furnace"|"Return to customer."|16
APTX24014|A2400131|M.Supaporn||S.Ushimaru|2024-01-15|2024-01-23|2024-02-29|2024-02-29||||Q-NSK|"AIS Industries Supply Sdn Bhd"|Mr.Ashrafi|IND|"CNC machine"|25TAC62CSUHPN7C|"FUJISAWA SMALL"|4|Investigation|"Investigation of abnormal noise bearing in CNC machine after used 3 months. "||45
APTX24013|A2309711|T.Miyazawa||T.Ikeda|2024-01-12|2024-01-19|2024-01-19|2024-01-19|10.0|5.0|5.0|NBMT|Aisin||Powertrain|PHEV_T-351|B36-17/B27-37|ISHIBE||Testing|"Fatigue analysis result for T-351 duravirity tested bearing"|"APTX23319_test result, PHEV, Mitsubishi, Sample E/Masspro NBMT, "|7
APTX24012||T.Miyazawa||T.Ikeda|2024-01-10|2024-01-10|2024-01-10|2024-01-10|5.0|1.0|1.0|APTC|||Powertrain|||||Memo|"<Request> Education for medium size test BOX testing from ATO staff"|"Medium test Box, Oil supply machine, torque Measurment, ATO"|0
APTX24011|A2400120|C.Aunchittha||T.Miyazawa|2024-01-10|2024-01-16|2024-01-19|2024-01-19||||NBMT|AIAT|Ms.Methira|Powertrain|"Clutch release bearing"|58TKZ3505||1|Investigation|"Investigation Report of Clutch Release Bearing from TOYOTA Thailand Market Bearing No.58TKZ3505HRA6 (1pc.)"||9
APTX24010|A2310303|E.Krittimet||S.Ushimaru|2024-01-09|2024-01-15|2024-01-17|2024-01-19||||L-NSK|"Siam Kraft Industry Co., Ltd."|Ms.Sirinya|IND|"Dryer calendar roll"|TL22238CAG3MKE4C4S11|FUKUSHIMA|1||"Investigation of failed dryer roll bearing in paper machine no.6"|"Returned to customer"|8
APTX24009|A2400208|H.Supaporn||T.Miyazawa|2024-01-08|2024-01-16|2024-01-17|2024-01-17||||NBMT|"Isuzu Engine Manufacturing Co., (Thailand) Ltd. "|Ms.Arisa|Powertrain|"Clutch pilot"|"6203VVC4**BH AS3S6"|H/F|1|Investigation|"Investigation report of clutch pilot due to burned trace on surface of clutch disc and pressure plate for bearing No.6203VVC4 from Isuzu Motor (Thailand) 1 pc."||9
APTX24008|A2310291|L.Pawet|D.Setthawut|T.Miyazawa|2024-01-03|2024-01-16|2024-01-17|2024-01-17||||L-NSK|"Thai Suzuki"||Motorcycle|Motorcycle|"6203 BH 6 , 6002 HPK 6"||2|Investigation|"Investigation report returned abnormal noise problem of motorcycle bearing No. 6203 and 6002  from Thai Suzuki (2 pcs.)"||14
APTX24007|A2310269|M.Supaporn||S.Ushimaru|2024-01-04|2024-01-12|2024-01-18|2024-01-12||||Q-NSK|"Vitrox Technolog…"|"Mr.Chan Han Yik"|Precision|"BS support unit"|WBK15-01A||1|Investigation|"Investigation of unsmooth rotate of ball srew support unit"||14
APTX24006|A2310234|C.Aunchittha||T.Miyazawa|2024-01-04|2024-01-15|2024-01-19|2024-01-19||||NBMT|AIAP|Ms.Methira|Powertrain|"Water pump"|BWFS30-82X|NBMT|1|Investigation|"Investigation report of Leak Problem for NR Engine (WP) bearing No.BWFS30-82X (576) from AIAP (1pc.)"||15
APTX24005|A2310234|C.Aunchittha||T.Miyazawa|2024-01-04|2024-01-15|2024-01-19|2024-01-19||||NBMT|AIAP|Ms.Methira|Powertrain|"Water pump"|BWFS30-82X|NBMT|1|Investigation|"Investigation report of Leak Problem for NR Engine (WP) bearing No.BWFS30-82X (575) from AIAP (1pc.)"||15
APTX24004|A2310234|C.Aunchittha||T.Miyazawa|2024-01-04|2024-01-15|2024-01-19|2024-01-19||||NBMT|AIAP|Ms.Methira|Powertrain|"Water pump"|BWFS30-82X|NBMT|1|Investigation|"Investigation report of Leak Problem for NR Engine (WP) bearing No.BWFS30-82X (574) from AIAP (1pc.)"||15
APTX24003|A2310234|C.Aunchittha||T.Miyazawa|2024-01-04|2024-01-15|2024-01-19|2024-01-19||||NBMT|AIAP|Ms.Methira|Powertrain|"Water pump"|BWFS30-82X|NBMT|1|Investigation|"Investigation report of Leak Problem for NR Engine (WP) bearing No.BWFS30-82X (573) from AIAP (1pc.)"||15
APTX24002|A2310234|C.Aunchittha||T.Miyazawa|2024-01-04|2024-01-15|2024-01-19|2024-01-19||||NBMT|AIAP|Ms.Methira|Powertrain|"Water pump"|BWFS30-82X|NBMT|1|Investigation|"Investigation report of Leak Problem for NR Engine (WP) bearing No.BWFS30-82X (571) from AIAP (1pc.)"||15
APTX24001|A2310234|C.Aunchittha||T.Miyazawa|2024-01-04|2024-01-15|2024-01-19|2024-01-19||||NBMT|AIAP|Ms.Methira|Powertrain|"Water pump"|BWFS30-82X|NBMT|1|Investigation|"Investigation report of Leak Problem for NR Engine (WP) bearing No.BWFS30-82X (570) from AIAP (1pc.)"||15
